id_tanaman,nama_daun,harga,butuh,satuan,nama_toko,url
3,jahe putih/jahe gajah segar 250 gram,12500,300,gram,toko intan herbal,https://www.tokopedia.com/tokoherbalintan/jahe-putih-jahe-gajah-segar-250-gram
3,jahe gajah - jahe gajah tua,6000,250,gram,farm fresh 88,https://www.tokopedia.com/farm-fresh-88/jahe-gajah-jahe-gajah-tua
3,jahe gajah jahe segar super produk lokal,12500,250,gram,LUGUSRANU,https://www.tokopedia.com/lugusranu/jahe-gajah-jahe-segar-super-produk-lokal
3,1 kg jahe emprit fresh,50000,1050,gram,petani muda kampung,https://www.tokopedia.com/petanimudakampun/1-kg-jahe-emprit-fresh
3,JAHE EMPRIT SEGAR,12500,500,gram,WarungeWongJowo,https://www.tokopedia.com/warungewongjowo/jahe-emprit-segar
3,Jahe Gajah / Ginger / Jahe Segar best in town - 500 gram,12500,500,gram,SayFruit,https://www.tokopedia.com/sayfruit/jahe-gajah-ginger-jahe-segar-best-in-town-500-gram
3,jahe putih super,3500,250,gram,Bumbu Ginting,https://www.tokopedia.com/bginting/jahe-putih-super
3,Jahe Putih organik,7200,100,gram,PT. LEDAR MART,https://www.tokopedia.com/ptledarmart/jahe-putih-organik?txsc=google&ref=googleshopping&c=16900546076&m=538761737&p=2772635481&gclid=Cj0KCQjw06OTBhC_ARIsAAU1yOV1cCmn1m0BTuQHltXDpjfhgJxwu4Yett34eNHZ3eZ9S4i2YTf4jbsaAjFbEALw_wcB&gclsrc=aw.ds
3,JAHE LOKAL SUPER,15000,250,gram,(FF) fresh fruits,https://www.tokopedia.com/freshfruitseveryday/jahe-lokal-super
3,JAHE GAJAH / JAHE PUTIH,10000,500,gram,8 Saudara Sejahtera,https://www.tokopedia.com/8ss/jahe-gajah-jahe-putih
3,Jahe Putih / Jahe Gajah / Ginger,15500,550,gram,Gubuk Sayur,https://www.tokopedia.com/gubuksayur/jahe-putih-jahe-gajah-ginger
3,jahe - 200gram,9000,200,gram,samudrapasar,https://www.tokopedia.com/samudra-pasar/jahe-200gram
3,"Jahe Gajah Utuh / Jahe Gajah Kupas - Utuh, 250 gr",12500,250,gram,Sayur Fresh Tangerang,https://www.tokopedia.com/sayurfreshtangerang/jahe-gajah-utuh-jahe-gajah-kupas-utuh-250-gr
3,jahe super kualitas terbaik sekilo,28000,1,kg,BuyungBumbu86,https://www.tokopedia.com/buyungbumbu86/jahe-super-kualitas-terbaik-sekilo
3,Gudang Sayur - Jahe Gajah 500 Gram,14000,500,gram,gudang_sayur,https://shopee.co.id/Gudang-Sayur-Segar-Jahe-Gajah-Jahe-Putih-Penangkal-Virus-500-gram-i.4825304.3618586141
3,Jahe emprit/Jahe kampung kwalitas super 1 kilo,40000,1,kg,anis.hidayanik,https://shopee.co.id/Jahe-emprit-Jahe-kampung-kwalitas-super-1-kilo-i.4890274.247370896
3,Jahe Gajah Lokal 1 kg,18000,1,kg,berkahindonesia,https://shopee.co.id/Jahe-Gajah-Lokal-1-kg-i.4539986.5217647391
3,Jahe Merah 1 kg,14500,1,kg,berkahindonesia,https://shopee.co.id/Jahe-Merah-1-kg-i.4539986.6017914775
3,JAHE EMPRIT & JAHE MERAH Segar harga petani kwalitas super,20000,1,kg,hesty08,https://shopee.co.id/JAHE-EMPRIT-JAHE-MERAH-Segar-harga-petani-kwalitas-super-i.3090289.6732834507
3,JAHE GAJAH Organic /Pack (~250g),15000,250,gram,qiranaorganic,https://shopee.co.id/JAHE-GAJAH-Organic-Pack-(~250g)-i.138828039.4820327922
3,Jahe Gajah [100G],9500,100,gram,sayursegar.id,https://shopee.co.id/-KIRIM-INSTANT-JAHE-GAJAH-100g-i.163222971.2537323354
3,Jual Jahe Harga Terbaik,44900,1,kg,kahakanan,https://shopee.co.id/Jual-Jahe-Harga-Terbaik-i.272478596.3238293118
3,Jual Jahe 1 kg,45000,1,kg,bandungfarmerfruit,https://shopee.co.id/Jual-Jahe-1-kg-i.106721501.6340329344
3,Jahe Emprit Kwalitas Premium 250 gr,11000,250,gram,pasarsayursanjaya,https://shopee.co.id/Jahe-Emprit-Kwalitas-Premium-250-gr-i.277196520.8000793836?gclid=Cj0KCQjw06OTBhC_ARIsAAU1yOUFoTxq386ZpED2nT4zqyeaMLhaneFQP6kRlsOrbveOEzfvIE9LVAwaAiBWEALw_wcB
3,Jahe emprit asli,50000,1000,gram,pawonmanis.id,https://shopee.co.id/Jahe-emprit-asli-i.39944442.6518659106
6,kunyit bulat 250gr,7900,250,gram,Online jakarta shop,https://www.tokopedia.com/onlinejakartasho/kunyit-bulat-250gr
6,kunyit/kunir/koneng segar 500 gram,6000,500,gram,kaktuscentong,https://www.tokopedia.com/tanamankaktus/kunyit-kunir-koneng-segar-500-gram
6,unyit / kunyit segar 1kg,18000,1050,gram,ladydhiana shop,https://www.tokopedia.com/ladydhiana/kunyit-kunyit-segar-1kg
6,Kunyit Kunir Jumbo Segar Berkualitas 500 Gram,4000,500,gram,Suka - Suka,https://www.tokopedia.com/younna/kunyit-kunir-jumbo-segar-berkualitas-500-gram
6,Jual Kunyit Murah 100% segar 1 Kg Jabodetabek - 250g,5000,1,kg,healthy homes,https://www.tokopedia.com/healthyhomes/jual-kunyit-murah-100-segar-1-kg-jabodetabek-250g
6,Kunyit Kuning Segar 1Kg,6000,1000,gram,WBN INDONESIA,https://www.tokopedia.com/wbnindonesia/kunyit-kuning-segar-1kg
6,Kunyit,18000,1000,gram,Toko Bumbu Uda dan Uni,https://www.tokopedia.com/tokobumbu-udauni/kunyit
6,Kunyit | Kunir,6500,250,gram,Bumbu Rempah Pilihan,https://www.tokopedia.com/bumburempahpilih/kunyit-kunir
6,kunyit utuh / kunyit fresh 1 kg - 1 kg,16000,1200,gram,jaya sindang tbk,https://www.tokopedia.com/jayasindang-tbk/kunyit-utuh-kunyit-fresh-1-kg-1-kg
6,kunyit kuning segar organik.,10000,1000,gram,Sakura Herbal Alami,https://www.tokopedia.com/sakuraherbal12/kunyit-kuning-segar-organik
6,kunyit segar,10000,1000,gram,Daun muda22,https://www.tokopedia.com/dwherbal/kunyit-segar
6,kunyit super bersih organik asli,10000,500,gram,Sumber-Alamm,https://www.tokopedia.com/sumber-alamm/kunyit-super-bersih-organik-asli
6,Kunyit kuning/Kunir kuning,7000,500,gram,fitri sayur,https://www.tokopedia.com/fitrisayur/kunyit-kuning-kunir-kuning
6,kunyit 1 kg,19500,1,kg,Amanta Segar,https://www.tokopedia.com/amantasegar/kunyit-1-kg
6,Kunyit - Kunyit 250 Gram - Kunyit Segar - Kunir (Harga Murah),2500,250,gram,daput_hijau,https://shopee.co.id/Kunyit-Kunyit-250-Gram-Kunyit-Segar-Kunir-(Harga-Murah)-i.389263211.8935612884
6,KUNIR / KUNYIT 75GRAM,2490,75,gram,fathan_shop123,https://shopee.co.id/KUNIR-KUNYIT-75GRAM-i.36030342.7233249098
6,KUNYIT SUPER AB/1kg/kunyit segar termurah,8999,1,kg,mava_jaya,https://shopee.co.id/KUNYIT-SUPER-A-KUNIR-SUPER-A-harga-1KG-KUNYIT-SEGAR-TERMURAHHH-ukuran-super-semua-i.312648781.5092864018
6,murah jual kunyit segar per 1 kg,5600,1,kg,herlinandito05,https://shopee.co.id/murah-jual-kunyit-segar-per-1-kg-i.179523804.6200377254
6,KUNYIT KUNING SEGAR 1KG,6999,1,kg,fitriyahhandayani31,https://shopee.co.id/KUNYIT-KUNING-SEGAR-1KG-i.440058007.10506506927
6,KUNYIT SEGAR 500 GRAM,4000,500,gram,herbaldaunnusantara1,https://shopee.co.id/Kunyit-segar-i.280740856.6444072927
6,Kunyit 500 gr,5000,500,gram,alifahlexa,https://shopee.co.id/Kunyit-500-gr-i.33005949.3960169466
6,Kunyit / Rempah 250 gram,5000,250,gram,warungsayurjaya,https://shopee.co.id/Kunyit-250-gr-i.23006721.6817020230
6,KUNYIT SEGAR 500GR,4999,500,gram,sahabattaniprogresif,https://shopee.co.id/KUNYIT-SEGAR-500GR-i.233894816.7422800846
6,Kunyit kunir segar kunir kunyit fresh,14000,1,kg,arum_yuliana,https://shopee.co.id/Kunyit-kunir-segar-kunir-kunyit-fresh-i.17669989.6924295330?gclid=Cj0KCQjw06OTBhC_ARIsAAU1yOULFMoWcTIfvLResudOKFpAn0XhXX8f1EJ8zOYw5ztk3QKqewDIUZUaAg9bEALw_wcB
6,Kunyit segar,11000,250,gram,irwan_buck,https://shopee.co.id/Kunyit-segar-i.21246423.10235995026
7,Daun lidah buaya / Pelepah Lidah Buaya bebas Kimia,13000,500,gram,Blisfull Shop,https://www.tokopedia.com/blisfull/daun-lidah-buaya-pelepah-lidah-buaya-bebas-kimia
7,Daun lidah buaya/Pelepah - 10 Kg Dst,10000,1,kg,djoeragan_id,https://www.tokopedia.com/djoeraganid/daun-lidah-buaya-pelepah-10-kg-dst
7,tanaman lidah buaya,10000,500,gram,Naya Tanaman,https://www.tokopedia.com/nayatanaman/tanaman-lidah-buaya
7,Lidah Buaya / Aloevera / Tanaman Lidah Buaya,4000,250,gram,Pempek Tina Bekasi,https://www.tokopedia.com/pempektinabekasi/lidah-buaya-aloevera-tanaman-lidah-buaya
7,Tanaman Lidah buaya / aloevera ( ukuran 20 - 30cm ),38000,1000,gram,Budi Grosir,https://www.tokopedia.com/budigrosir/tanaman-lidah-buaya-aloevera-ukuran-20-30cm
7,Tanaman lidah buaya,45000,1000,gram,sanggar tanaman hias,https://www.tokopedia.com/stanaman/tanaman-lidah-buaya
7,PELEPAH LIDAH BUAYA JUMBO ORGANIK - Besar 2 buah,16900,500,gram,Ahoi Shop,https://tokopedia.link/BsnTsoYLypb
7,Pelepah Batang Aloevera Lidah Buaya,13500,950,gram,Herbavera Indonesia,https://tokopedia.link/PZrYq8VLypb
7,Pelepah LIdah Buaya / daun lidah buaya ( DIJAMIN BEBAS PEPTISIDA ),12500,500,gram,Kemanggian Store,https://tokopedia.link/Fqx7D7RLypb
7,Bibit Lidah Buaya Pontianak / Kalimantan - Bibit 15-20cm,9800,400,gram,@LOVERA,https://tokopedia.link/Ai9s8lOLypb
7,Pelapah Lidah Buaya Alami & Termurah,10000,400,gram,Hobbytamanlandscape II,https://tokopedia.link/8z8nYcLLypb
7,Pelepah lidah buaya / Daun Lidah buaya,13000,400,gram,kemanggisanstore,https://shopee.co.id/Pelepah-lidah-buaya-Daun-Lidah-buaya-i.1257104.453052337
7,Pelepah lidah buaya daun lidah buaya 500 gram fresh,25000,500,gram,storetr18,https://shopee.co.id/Pelepah-lidah-buaya-daun-lidah-buaya-500-gram-fresh-i.337951264.4979354441
7,PELEPAH GEL LIDAH BUAYA JUMBO PONTIANAK TERLARIS,24000,350,gram,vanessaangelstore.id,https://shopee.co.id/PELEPAH-GEL-LIDAH-BUAYA-JUMBO-PONTIANAK-TERLARIS-i.127170331.2027932323
7,Pelepah Lidah Buaya Alami,7500,200,gram,meme_shop17,https://shopee.co.id/Pelepah-Lidah-Buaya-Alami-i.216845853.6857031743
7,Daun lidah buaya grade a 1000 gram,130000,1000,gram,dikas_garden,https://shopee.co.id/Daun-lidah-buaya-grade-a-1000-gram-i.18445009.197611266
7,pelepah lidah buaya/daun lidah buaya dijamin bebas (peptisida,10000,550,gram,marissajuv55,https://shopee.co.id/pelepah-lidah-buaya-daun-lidah-buaya-dijamin-bebas-(peptisida-i.117045268.9802909418
7,300gr lidah buaya segar,3430,300,gram,nandar_fashion27,https://shopee.co.id/300gr-lidah-buaya-segar-i.370451906.17619017201?sp_atk=cbcaf60a-6e16-4420-9c4f-c512291e228d
7,Pelepah Lidah Buaya ALAMI. TANPA PESTISIDA,8600,350,gram,alaheuy,https://shopee.co.id/Pelepah-Lidah-Buaya-ALAMI.-TANPA-PESTISIDA-i.13756680.5666428861
7,1kg PELEPAH LIDAH BUAYA JUMBO (CHINENSIS),15000,1,kg,alolo.id,https://shopee.co.id/MURAH!!!-1kg-PELEPAH-LIDAH-BUAYA-JUMBO-i.165312798.6145569251
7,PELEPAH LIDAH BUAYA JUMBO PONTIANAK CHINENSIS,12500,300,gram,yusronherbamart88,https://shopee.co.id/PELEPAH-LIDAH-BUAYA-JUMBO-PONTIANAK-CHINENSIS-i.44430386.9005096430
7,Pelepah lidah buaya 1000gr untuk makan Aloe Vera,23500,1000,gram,milagianti,https://shopee.co.id/Pelepah-lidah-buaya-1000gr-untuk-makan-Aloe-Vera-i.28930081.6926839931
7,Pelepah lidah buaya,2500,200,gram,j_coll01,https://shopee.co.id/Pelepah-lidah-buaya-i.65555773.11058879456
7,Pelepah lidah buaya (Aloe Vera),7000,300,gram,hasnayaaufa,https://shopee.co.id/Pelepah-lidah-buaya-(Aloe-Vera)-i.271142341.3238758448
13,Biang Temulawak Segar 1/2 kg,12500,2-Jan,kg,Jamu Mbakyu,https://www.tokopedia.com/jamumbakyu/biang-temulawak-segar-1-2-kg
13,Temulawak segar 1kg.,15000,1,kg,Ambar rempah,https://www.tokopedia.com/ambar-rempah/temulawak-segar-1kg
13,Temulawak Segar 1 Kg,15000,1000,gram,@RadenStore,https://www.tokopedia.com/radenstore-1/temulawak-segar-1-kg
13,Temulawak,20000,1,kg,Halefit Indonesia,https://www.tokopedia.com/halefitid/temulawak
13,TEMULAWAK 500GR,11000,500,gram,groceryku,https://www.tokopedia.com/groceryku/temulawak-500gr
13,temulawak segar,15000,1,kg,early's,https://www.tokopedia.com/earlys-1/temulawak-segar
13,Temulawak segar organik Temu lawak di ambil dari alam,10000,1000,gram,Uni-Store,https://www.tokopedia.com/uni-s-tore/temulawak-segar-organik-temu-lawak-di-ambil-dari-alam
13,Jual Temulawak Segar Murah 1 kg jabodetabek - 250g,5000,1,kg,healthy homes,https://www.tokopedia.com/healthyhomes/jual-temulawak-segar-murah-1-kg-jabodetabek-250g
13,Temulawak Jawa,14000,500,gram,GudangHerbal91,https://www.tokopedia.com/healthyhomes/jual-temulawak-segar-murah-1-kg-jabodetabek-250gg
13,temulawak jual per 1kg,21525,500,gram,Zeelena shop,https://www.tokopedia.com/zeelenashop/temulawak-jual-per-1kg
13,Temulawak,17000,100,gram,AsyfaAlykaColektion,https://www.tokopedia.com/asyfaalyka/temulawak
13,temulawak segar obat herbal 1kg,20000,1,kg,Kampung Herbal-2,https://www.tokopedia.com/kampungherbal-/temulawak-segar-obat-herbal-1kg
13,temulawak segar,11000,1100,gram,23group,https://www.tokopedia.com/group23/temulawak-segar
13,temulawak,20000,1,kg,jaya happy shop,https://www.tokopedia.com/adisanjaya/temulawak?whid=1660140
13,Temulawak Segar / 500 Gram,6750,500,gram,BAROKAH HERBAL GROUP,https://www.tokopedia.com/barokahherbalgroup/temulawak-segar-500-gram?whid=3896222
13,TERBARU TEMULAWAK/kg,9600,1000,gram,alyjudien01,https://shopee.co.id/TERBARU-TEMULAWAK-kg-i.216864384.6647993136
13,Temu Lawak 1 Kg Fresh Grade A Temulawak Sayur Ijo Segar Murah,18750,1,kg,ritago80,https://shopee.co.id/Temu-Lawak-1-Kg-Fresh-Grade-A-Temulawak-Sayur-Ijo-Segar-Murah-i.198504965.4276948907?gclid=CjwKCAjwsJ6TBhAIEiwAfl4TWGum4AvNbGHwXRZNGTm4gG-cWHstwg9ZnuZVHs6vqcKZNkVsjqwqHBoCLDEQAvD_BwE
13,Temulawak Segar / Curcuma Fresh 1KG,14000,1000,gram,hasielalam,https://shopee.co.id/Temulawak-Segar---Curcuma-Fresh-1KG-i.478112421.10617449978?gclid=CjwKCAjwsJ6TBhAIEiwAfl4TWFrppAQQ-I3GGGGETyE2QEobmiaOMX_OMkcwdTy_VDK9vzm37TE4tBoCdt8QAvD_BwE
13,Readyy Temulawak segar 1kg temu lawak umbi basah fresh,12000,1,kg,center_plants_indonesia,https://shopee.co.id/Readyy-Temulawak-segar-1kg-temu-lawak-umbi-basah--fresh-i.400278190.9824962921?gclid=CjwKCAjwsJ6TBhAIEiwAfl4TWA2E0CQanq5HdeCj4bCSnkB1N7SgmGZF3JyDSKWLD_l58XJmVPZtghoCcV4QAvD_BwE
13,Temulawak segar 1 kg.Asli temulawak,8500,1,kg,yunas21,https://shopee.co.id/Temulawak-segar-1-kg.Asli-temulawak-i.27835884.5520281522
13,Temulawak Pack 250 gr,10120,250,gram,tanihub,https://shopee.co.id/Temulawak-Pack-250-gr-i.46424920.8815815245
13,Temulawak - Temulawak Segar Organik 250 Gram (Harga Murah!!),4000,250,gram,dapur_hijau,https://shopee.co.id/Temulawak-Temulawak-Segar-Organik-250-Gram-(Harga-Murah!!)-i.389263211.8635620589
13,Jual temulawak segar fresh,13000,500,gram,toko_bambu,https://shopee.co.id/Jual-temulawak-segar-fresh-i.274762535.7838527050
13,Temulawak segar 1kg temu lawak umbi basah fresh,10800,1,kg,the_best_garden,https://shopee.co.id/Temulawak-segar-1kg-temu-lawak-umbi-basah-fresh-i.207829600.5512879997
13,Temulawak / Temu lawak,7000,250,gram,sayurnco,https://shopee.co.id/Temulawak-Temu-lawak-250gr-i.456019889.9064282420
12,Sereh FreshBox,3800,200,gram,FreshBox Official Shop,https://shopee.co.id/Sereh-200-Gr-FreshBox-i.77679332.6511205366?sp_atk=58c1f2b9-5ebf-4405-93ea-f30738794549
12,Sereh Sayuran Segar Masquw,7000,500,gram,Masquw,https://shopee.co.id/DAUN-SERE-SERAI-SEREH-SAYURAN-SEGAR-MASQUW-i.295310004.3046206895?sp_atk=abe0941d-fc55-43a5-88e0-fdf25e203b09
12,Fresh Daun & Batang Serai,4000,250,gram,Anggadwi1987,https://shopee.co.id/Fresh-Daun-Batang-Serai-250-gram-i.102823324.4221964890?sp_atk=85e5c15b-5671-4439-b864-6c26d23778ea
12,Sereh Serai ,6000,500,gram,Jangkausayurjakbar,https://shopee.co.id/Sereh-Serai-500-gr-i.518223502.10035508921?sp_atk=35db1818-f8c0-4425-b858-99f312c26083
12,Sere Besar,2000,200,gram,Porkbutchery.id,https://shopee.co.id/Serai-Sere-Besar-200-gr-i.86882155.4863580038?sp_atk=d57151d1-9dcb-4bef-9130-3f59c0659b68
12,Daun Sereh,6500,500,gram,Gubuk Sayur Malang,https://shopee.co.id/Daun-Sereh-dan-Sereh-Wangi-Sereh-Merah-Lemongrass-500-gram-i.28891894.4232425308?sp_atk=68b14a98-61ed-42e5-94b0-150a21d7eba4
12,Serai Murah,9000,1,kg,Arzah1234,https://shopee.co.id/serai-murah-daun-sereh-sayuran-bumbu-masak-batang-serai-fresh-500-gram-1-kg-i.75169848.6136844777?sp_atk=982546ec-af8a-4209-9468-c6817a52df27
12,Serai Segar,2000,250,gram,AL-herbal,https://shopee.co.id/SERAI-SERAI-SEGAR....-250-gram-hrga-promo-i.138064429.9684948421?sp_atk=c66c9d7e-f3ef-4716-8999-b9473c3a95c9
12,Daun Sere Batang,8500,3,ikat,Pasar Murah Jogja,https://shopee.co.id/Daun-Sere-Batang-Serai-Fresh-Per-Ikat-Sereh-Sayuran-Segar-Bumbu-Dapur-Rempah-Masak-Pasar-Murah-Jogja-i.325208264.4058718554?sp_atk=1573a6c7-fbd6-458a-b091-b9237df039d9
12,Batang Sereh Segar,5000,250,gram,Toko Nayya Supplier,https://shopee.co.id/Batang-Sereh-Segar-i.10710959.3336742938?sp_atk=c4da0b39-8306-4dfd-9433-6843923dfdf5
12,Daun serai,3800,100,gram,Danstorefashion,https://shopee.co.id/Daun-serai-batang-serai-sereh-100gr-i.169393368.6027715245?sp_atk=4f34b9f5-7946-410a-9fcd-8ce29856f3f0
12,Sereh Konvensional,4500,200,gram,Sayurbox Official Shop,https://shopee.co.id/Sayurbox-Sereh-Konvensional-200-gram-i.47882995.7633318688?sp_atk=3ad3e22d-1c3a-4aef-88f3-48da3e7c5e6b
12,Serai Sereh,3900,1,ikat,Pasar Lampung,https://shopee.co.id/Serai-Sereh-Per-Ikat-Pasar-Lampung-i.264543530.3590704102?sp_atk=0a493556-13eb-4ff0-8083-b4a47ad175c3
12,Sereh Segar,5000,200,gram,Jahe Merah Asli,https://www.tokopedia.com/jahemerahasli/daun-serai-daun-sereh-serai-segar-sereh-segar?src=topads
12,Sereh Frash,8000,500,gram,YA-NIZ Mart,https://www.tokopedia.com/toko-ya-niz/sereh-500gr-frash-berat-500g?src=topads
12,Sereh Segar Palembang,4900,250,gram,Sayur Segar Palembang,https://www.tokopedia.com/sayursegarpalembang/sereh-per-ikat-sayur-segar-palembang?extParam=ivf%3Dfalse%26src%3Dsearch
12,Serai Segar Sereh,6000,250,gram,Halal Fresh Food Market,https://www.tokopedia.com/halalfreshfood/serai-segar-sereh?extParam=ivf%3Dfalse%26src%3Dsearch
12,Sereh Serai Sayur Fresh,5000,200,gram,Sayur Online Purwokerto,https://www.tokopedia.com/sayuronlinepurwokerto/sayuran-segar-sayur-fresh-purwokerto-sereh-serai-per-ikat?extParam=ivf%3Dfalse%26src%3Dsearch
12,Daun Sereh Super,5000,200,gram,Addi Online,https://www.tokopedia.com/addionline/daun-sereh-super?extParam=ivf%3Dfalse%26src%3Dsearch
12,Fresh Sereh Segar Organik,4200,250,gram,Sayur Kendal - Menteng,https://www.tokopedia.com/sayurkendal/fresh-sereh-segar-organik-sayurkendal-250gr?extParam=ivf%3Dfalse
12,Sereh Segar Fresh,3000,1,ikat,Rahmatika Freshmart,https://www.tokopedia.com/rahmatikamart/sereh-segar-1-ikat-serai-1-ikat-fresh?extParam=ivf%3Dfalse
12,Sereh Organik,9900,250,gram,Sesa Official,https://www.tokopedia.com/sesaofficial/sereh-organik-250-g?extParam=ivf%3Dfalse
12,Sereh Gajah Jumbo,7000,250,gram,Rempah Homecalist,https://www.tokopedia.com/homecalist/sereh-gajah-jumbo-sayuran-segar-1-2-kg?src=topads
12,Daun Sereh Serai Fresh,5000,250,gram,Tokosayursembako99,https://www.tokopedia.com/tokosayursembako99/daun-sereh-serai-fresh-segar-surabaya-250-gram?extParam=ivf%3Dfalse
12,Serai Bangkok,7000,500,gram,D'Rempah Rempah,https://www.tokopedia.com/drempah-2/serai-bangkok-sereh-jumbo-daun-sereh-segar-wangi?extParam=ivf%3Dfalse
14,Daun Kelor Segar,20000,250,gram,Murahjahya,https://shopee.co.id/Promo-daun-kelor-segar-langsung-di-petik-i.200045630.7891759540?sp_atk=a36b490c-f15a-4c38-960b-a47131f3dadb
14,Daun Kelor Baru,15000,1,ikat,Dapoer FN,https://shopee.co.id/DAUN-KELOR-SEGAR-BARU-PETIK-PER-IKAT-i.280475304.7064012730?sp_atk=882e9624-bec0-488d-9e18-b352fd2e2fdd
14,Daun Kelor Segar di Petik,8000,250,gram,Karset_askar,https://shopee.co.id/DAUN-KELOR-segar-250-gram-Daun-kelor-segar-di-petik-menjelang-pengiriman-i.318997850.9255885501?sp_atk=948ac13f-da06-4a01-a0c7-82795ffb100d
14,Daun Kelor Sayuran Segar,5000,50,gram,Sitishopp,https://shopee.co.id/Daun-kelor-sayuran-segar(50gram)-i.25217775.3951357447?sp_atk=cc8e7b28-7a17-4504-87a4-a7e3e9c78643
14,Daun Kelor Fresh,6000,150,gram,Blonjoesayur,https://shopee.co.id/DAUN-KELOR-FRESH-i.25517717.11231249035?sp_atk=ccde7a66-481d-4563-bd31-b0d94fabca5c
14,Daun Kelor Segar Fresh Petik,10000,250,gram,Herherbal165,https://shopee.co.id/Daun-kelor-segar-fresh-petik-i.214330417.15635207821?sp_atk=d893ccbe-d1d2-473a-b21e-06778fb320c7
14,Daun Kelor,10500,100,gram,VeggieTall,https://shopee.co.id/Daun-Kelor-100gr-500gr-i.257674084.7940212405?sp_atk=a3440ca9-866d-4f9d-8f5d-76e697bf830d
14,Daun Kelor Segar,19000,500,gram,Deystore123,https://shopee.co.id/DAUN-KELOR-SEGAR-500-GRM-i.327191309.6459080385?sp_atk=d6d16627-7d22-4b31-9a23-783fc1d7f9e2
14,Daun Kelor Segar,10000,250,gram,Psbbstore,https://shopee.co.id/PASAR-GUBENG-Daun-Kelor-segar-i.165485489.4781023784?sp_atk=b24cc9c3-59dc-4d23-bf4d-d81410b13336
14,Daun Kelor Segar Organik,4000,100,gram,Kebunrumahkuu,https://shopee.co.id/Daun-kelor-segar-organik-i.381237387.7579667213?sp_atk=dd603d23-8db4-47a6-85b1-ee699e646844
14,Daun Kelor Segar,29900,400,gram,Taman_William,https://shopee.co.id/DAUN-KELOR-SEGAR-500G-SEGAR-PETIK-DADAKAN-LANGSUNG-DARI-POHON-i.298909946.9742887776?sp_atk=dec42b8e-f2d7-42c8-8819-5933694dc50a
14,Daun Kelor Fresh Quality,8999,150,gram,Toko Tepi,https://shopee.co.id/Daun-Kelor-Segar-150gr-Fresh-Quality-i.244336125.6838659954?sp_atk=7684969a-3d4d-46b7-bb36-ae6ae73100ac
14,Daun Kelor Segar,5000,100,gram,AR_Plants99,https://shopee.co.id/Daun-kelor-segar-100-gram-i.297452278.4961389993?sp_atk=f9d7c978-bd67-4a4b-86cc-8e08023f4ce5
14,Daun Kelor Segar,8500,100,gram,Adi Flora,https://www.tokopedia.com/adiflora/daun-kelor-segar?extParam=ivf%3Dfalse%26src%3Dsearch
14,Daun Kelor Segar,25000,200,gram,Adehikmahshop,https://www.tokopedia.com/ade31/daun-kelor-segar-langsung-petik-kirim?extParam=ivf%3Dfalse%26src%3Dsearch
14,Daun Kelor Segar,5000,50,gram,Padasuka Mart ID,https://www.tokopedia.com/pm-id/daun-kelor-segar?extParam=ivf%3Dfalse%26src%3Dsearch
14,Daun Kelor Segar Langsung petik,11000,120,gram,Kebun Herbal Organik,https://www.tokopedia.com/kebunherba/promo-daun-kelor-segar-langsung-petik?extParam=ivf%3Dfalse%26src%3Dsearch
14,Daun Kelor Segar ,15000,250,gram,Ark Herdis,https://www.tokopedia.com/arkherdis/daun-kelor-segar-di-petik-setelah-ada-order-masuk?extParam=ivf%3Dfalse%26src%3Dsearch
14,Daun Kelor Segar,9000,100,gram,Sakura Herbal Alami,https://www.tokopedia.com/sakuraherbal12/daun-kelor-segar-anti-kanker-dan-stres?extParam=ivf%3Dfalse%26src%3Dsearch
14,Daun Kelor Segar,7500,500,gram,Green Flowers Store,https://www.tokopedia.com/green-flowers-store/daun-kelor-segar-di-jual-per-100-gram?extParam=ivf%3Dfalse%26src%3Dsearch
14,Daun Kelor Segar Alami ,5000,150,gram,Alvindo Takan Ternak,https://www.tokopedia.com/alvindopakan/daun-kelor-segar-alami-dipetik-saat-order-sayuran-herbal-grab-gojek?extParam=ivf%3Dfalse%26src%3Dsearch
14,Daun Kelor Segar Fresh,13500,100,gram,Herbal Jaksel,https://www.tokopedia.com/jaksels/daun-kelor-segar-fresh-bahan-herbal?extParam=ivf%3Dfalse%26src%3Dsearch
14,Daun Kelor Segar Alami ,10000,100,gram,Dientoko,https://www.tokopedia.com/dientoko-1/daun-kelor-segar-alami-100-gram-100-gram?extParam=ivf%3Dfalse%26src%3Dsearch
14,Daun Kelor Segar,12000,100,gram,Toko Naraya Herbal,https://www.tokopedia.com/narayaherbal/daun-kelor-segar-anti-kanker-dan-stres?extParam=ivf%3Dfalse%26src%3Dsearch
14,Daun Kelor Segar Petik,20000,300,gram,Usaha dan Doa,https://www.tokopedia.com/usahadan/daun-kelor-segar-petik-kirim?extParam=ivf%3Dfalse%26src%3Dsearch
16,Daun Sirih Cina Segar,15000,500,gram,Sitishopp,https://shopee.co.id/product/25217775/10069974879
16,Daun Sirih Cina Segar Fress,57000,1,kg,Herherbal165,https://shopee.co.id/Daun-sirih-segar-fress-1kg-i.214330417.6049107849?sp_atk=3929f6cf-fb06-4933-9bb1-a5c812caeab5
16,Daun Sirih Hijow Segar,20000,500,gram,Deystore123,https://shopee.co.id/Daun-sirih-hijow-segar-per-500-grm-i.327191309.6759670720?sp_atk=ada7df4e-1d1c-4db0-b185-69f9a57ba6ff
16,Daun Sirih,10000,1,ikat,Psbbstore,https://shopee.co.id/PASAR-GUBENG-Daun-sirih-Daun-Soroh-Per-ikat-i.165485489.11019784402?sp_atk=a5411130-bb9b-452c-b054-c78c0a6658e7
16,Daun Sirih Ketumpang,9000,200,gram,AR_Plants99,https://shopee.co.id/TERMURAH-!!!-DAUN-SIRIH-CINA-SEGAR-ketumpang-suruhan-200-GRAM-i.297452278.8717875127?sp_atk=34bf4738-c051-4858-84f8-697dc4728f60
16,Daun Sirih Segar,15000,1,ikat,Lotus_gallery,https://shopee.co.id/Daun-Sirih-segar-satu-ikat-i.66223049.3852752885?sp_atk=e970edaa-6a56-47bd-9247-3745a703c4d9
16,Daun Sirih Segar,4000,1,ikat,Samira.project,https://shopee.co.id/DAUN-SIRIH-SEGAR-HARGA-UNTUK-1-IKAT-ISI-BANYAK-BELI-5-IKAT-GRATIS-1-IKAT-i.82521326.3936355860?sp_atk=da7aeeaf-b999-4967-9569-62c9574e0503
16,Daun Sirih Hijau Segar,25000,200,gram,Rezza.tamanindah01,https://shopee.co.id/Daun-Sirih-Hijau-Segar-200-Gram-Obat-Herbal-Daun-Sereuh-i.276578799.7163632235?sp_atk=a741265c-75ce-461e-b31c-6d4a74d5759d
16,Daun Suruhan Sirih Cina,7900,200,gram,Cv_tanamanindah,https://shopee.co.id/Daun-Suruhan-Sirih-Cina-200-Gram-Ketumpang-Air-Segar-i.375641824.4079427938?sp_atk=be4a8a47-ad5e-40e6-a339-c84dde31af56
16,Daun Sirih Cina Fres,16500,500,gram,Tunasherbal,https://shopee.co.id/Daun-Sirih-Cina-Fres-500-Gram-i.322344145.5260245462?sp_atk=78e6c273-5a9f-47e8-a1a0-0abf5a319225
16,Daun Sirih Cina,38500,1,kg,Herlinandito1997,https://shopee.co.id/Daun-sirih-cina-atau-daun-suruhan-fresh-1-kg-i.95707859.1567248255?sp_atk=cf842c03-1ed6-4798-bd2c-ca4694dc7f1f
16,Daun Sirih Hijau Segar,28000,1,kg,Marzia.kurma,https://shopee.co.id/DAUN-SIRIH-HIJAU-Segar-Harga-Murah-1-KG-i.215495571.6933095500?sp_atk=c4eabf42-5e9d-4dd6-97e7-f61a446d9645
16,Daun Sirih Cina,20000,500,gram,Hanun_putri_shop07,https://shopee.co.id/DAUN-SIRIH-CINA-SURUHAN-KETUMPANG-OBAT-ALAMI-ASAM-URAT-REMATIK-BISUL-i.93458889.6620183744?sp_atk=23148f71-e785-439e-8619-aa3c53f8f80b
16,Daun Sirih Segar,17000,200,gram,Adehikmahshop,https://www.tokopedia.com/ade31/daun-sirih-segar-daun-obat-herbal-bf8d
16,Daun Sirih Fresh,7000,100,gram,Kebun Herbal Organik,https://www.tokopedia.com/kebunherba/ready-daun-sirih-fresh-penangkal-kanker
16,Daun sirih hijau,40000,500,gram,Ark Herdis,https://www.tokopedia.com/arkherdis/daun-sirih-hijau-500-gram
16,Sirih Cina Segar,31500,1,kg,Sakura Herbal Alami,https://www.tokopedia.com/sakuraherbal12/daun-suruhan-1kg-sirih-cina-segar
16,Daun Sirih Segar,18000,250,gram,Herbal Jaksel,https://www.tokopedia.com/jaksels/daun-sirih-segar
16,Daun Sirih Cina,10000,100,gram,Dientoko,https://www.tokopedia.com/dientoko-1/daun-sirih-cina-suruhan-tumpangan-air-obat-herbal-alami-100-gram-100-gram
16,Daun Sirih Cina,35000,200,gram,Tanamanobatherbalsulawesi,https://www.tokopedia.com/tanamanobatherbalsu-1/daun-sirih-cina-suruhan-ketumpang-air-segar-200-gram?src=topads
16,Daun Sirih Hijau Segar Obat Herbal,25000,250,gram,GoodCheap,https://www.tokopedia.com/goodch/daun-sirih-hijau-segar-obat-herbal-250gr?extParam=ivf%3Dfalse%26src%3Dsearch
16,Daun Sirih Segar,10000,50,gram,Ciamarket,https://www.tokopedia.com/ciamarket/daun-sirih-segar?extParam=ivf%3Dfalse%26src%3Dsearch
16,Daun Sirih Hijau Segar,15000,400,gram,Florist and Crafts,https://www.tokopedia.com/floristandcrafts/daun-sirih-hijau-segar?extParam=ivf%3Dfalse%26src%3Dsearch
16,Daun Sirih Cina,10000,1,kg,Sevi Olshop Plant,https://www.tokopedia.com/seviolshopplant/daun-sirih-cina-daun-sirihan-segar-per-1-kg?extParam=ivf%3Dfalse%26src%3Dsearch
16,Daun Sirih Hijau Segar,25000,250,gram,Kayee Organic,https://www.tokopedia.com/kayeeorganic/daun-sirih-hijau-segar-250gr?src=topads
18,Kencur Empon - Empon,17000,250,gram,Blonjoesayur,https://shopee.co.id/KENCUR-EMPON-EMPON-i.25517717.3198100383?sp_atk=74d84b97-9f76-4b29-822f-88cb5d62c3b5
18,Kencur,10000,100,gram,Psbbstore,https://shopee.co.id/PASAR-GUBENG-Kencur-i.165485489.9357442527?sp_atk=f6725dce-6b10-4e1f-a930-33f9ebe61bd2
18,Kencur Bumbu Dapur,9500,100,gram,Toko Tepi,https://shopee.co.id/Kencur-100gr-Kencur-Bumbu-Dapur-Kencur-Segar-Cikur-i.244336125.4735181106?sp_atk=4448f338-7b42-4e5f-af51-78dbefbbd55f
18,Kencur Segar Cikur,7500,250,gram,Jama49om,https://shopee.co.id/250g-Kencur-Segar-Cikur-Fresh-Murah-Asli-Ekspor-Quality-i.296981496.8574745275?sp_atk=89b0896a-f3a8-4b67-9283-c95c026a9216
18,Kencur,16000,500,gram,Arifleman,https://shopee.co.id/KENCUR-(-BUMBU-DAPUR-)-100-gram-i.28237309.5301511028?sp_atk=b30b22c6-a375-449d-bb16-1589efa6b523
18,Kencur Segar,15000,500,gram,Gembili237,https://shopee.co.id/Kencur-Segar-500-Gram-i.78226768.13257816863?sp_atk=0f540ac8-4aa4-47fc-af24-a1dd2f8bdbde
18,Kencur,18000,1,kg,Assanet,https://shopee.co.id/Kencur-1kg-i.58130158.12627539786?sp_atk=e1cc5fd1-9eee-4d85-9e29-a8e933434d89
18,Kencur,22000,1,kg,Aksan55,https://shopee.co.id/Kencur-1-kg-i.86835874.4834654759?sp_atk=d95f83ae-086b-4fc9-ac3a-5ca57c169155
18,Kencur Fresh Petani,19950,1,kg,Wisuyan_store,https://shopee.co.id/KENCUR-MURAH-1KG-Kencur-1-kg-Fresh-Petani-Kencur-Rempah-Sayur-Segar-1kg-Murah-i.273270132.10504926869?sp_atk=a4843b24-7cb6-4792-8571-9e62d97e6e62
18,Kencur Lokal Kudus,19999,1,kg,Kiftihalimahislami,https://shopee.co.id/Kencur-Lokal-Kudus-Kencur-Segar-Kencur-Tua-Bibit-Kencur-i.17897590.6152505137?sp_atk=d88f15c0-cb60-4383-a74d-17f3d13537b3
18,Kencur Ciamis Asli,20000,1,kg,Hikamshop_24,https://shopee.co.id/(-1kg-)kencur-cikur-ciamis-asli-rasa-enak-pedas-beda-sama-kenvmcur-lain-cocok-buat-jamu-bumbu-maknan-terutama-seblak-i.652735282.10582751438?sp_atk=2ce77667-4823-400d-a2aa-c4b7e8889da8
18,Kencur Murah Tua Segar Alami,16900,500,gram,Sruputherbal,https://shopee.co.id/KENCUR-500g-MURAH-TUA-SEGAR-ALAMI-COD--i.233475466.5425006051?sp_atk=6e507ff9-c391-4c47-a81c-677cb2f2a8ff
18,Kencur Bumbu Dapur Makassar,35000,500,gram,Sayurmakassar,https://shopee.co.id/Kencur-Rempah-Bumbu-Dapur-Makassar-i.334807573.9509762897?sp_atk=c70de7a1-1cf4-4528-9098-addcf0ed26e2
18,Kencur Sayur Segar,5000,100,gram,Kebun Herbal Organik,https://www.tokopedia.com/kebunherba/promo-gudang-sayur-segar-kencur-100-gram
18,Kencur Segar Presh,29500,500,gram,Sakura Herbal Alami,https://www.tokopedia.com/sakuraherbal12/jual-murah-kencur-segar-presh-500grm
18,Kencur ,18000,250,gram,Herbal Jaksel,https://www.tokopedia.com/jaksels/kencur-250-gr-bumbu-dapur
18,Kencur Segar,10000,100,gram,Dientoko,https://www.tokopedia.com/dientoko-1/kencur-segar-100-gram
18,Kencur Segar,18000,500,gram,Sang Rempah,https://www.tokopedia.com/sangrempah/promo-kencur-segar-500-gram?extParam=ivf%3Dfalse%26src%3Dsearch
18,Kencur Segar Herbal Alami,14929,500,gram,Endojoyo Group,https://www.tokopedia.com/endojoyogroup/500gr-kencur-segar-herbal-alami?src=topads
18,Kencur Mentah Rempah,5000,100,gram,Enka Online,https://www.tokopedia.com/enkaonline/kencur-mentah-rempah-100-gram?extParam=ivf%3Dfalse%26src%3Dsearch
18,Kencur,10000,250,gram,Serbasediasolo,https://www.tokopedia.com/serbasediasolo/kencur-250gr?extParam=ivf%3Dfalse%26src%3Dsearch
18,Kencur Cikur Segar,26950,1,kg,Speed-Mart,https://www.tokopedia.com/speed-mart/kencur-cikur-segar-1-kg-rempah-bumbu-dapur?extParam=ivf%3Dfalse%26src%3Dsearch
18,Kencur,4000,250,gram,YA-NIZ Mart,https://www.tokopedia.com/toko-ya-niz/kencur-250gr-berat-100g?extParam=ivf%3Dfalse%26src%3Dsearch
18,Kencur,7000,250,gram,Blisayur,https://www.tokopedia.com/blisayur/kencur-250gr?extParam=ivf%3Dfalse%26src%3Dsearch
18,Kencur Segar,24500,1,kg,Gudang Kencur Segar,https://www.tokopedia.com/gudangkencur/kencur-segar-1-kg-asli-banten-murah-kulaitas-joss?extParam=ivf%3Dfalse
20,Lengkuas 250 gr,10100,250,gram,shopee_segar_surabaya,https://shopee.co.id/Lengkuas-250-gr-i.457823043.9864370903?sp_atk=ec539ef3-d1b3-4655-905c-417543c8d425&xptdk=ec539ef3-d1b3-4655-905c-417543c8d425
20,Lengkuas/Laja Rempah Bumbu Masak Dapur segarmart bandung,5999,250,gram,segarmart,https://shopee.co.id/Lengkuas-Laja-Rempah-Bumbu-Masak-Dapur-segarmart-bandung-i.413425485.13335271893?sp_atk=9bb3cbdc-96b1-45ca-ab49-9569ac7bee75&xptdk=9bb3cbdc-96b1-45ca-ab49-9569ac7bee75
20,LENGKUAS/LAOS SAYUR 1KG [COD],6000,1,kg,fauziedoodles2,https://shopee.co.id/LENGKUAS-LAOS-SAYUR-1KG-COD--i.178945783.16527809715?sp_atk=aa9d027f-ba42-497d-a4f2-3004157ed006&xptdk=aa9d027f-ba42-497d-a4f2-3004157ed006
20,LAOS / LENGKUAS MERAH 1 KG,11999,1,kg,rianimayang,https://shopee.co.id/LAOS-LENGKUAS-MERAH-1-KG-i.18331070.10930565248?sp_atk=b2a6a372-e7da-4cf7-88ac-b807c2a8654d&xptdk=b2a6a372-e7da-4cf7-88ac-b807c2a8654d
20,Lengkuas,15000,1,kg,sayur_attar,https://shopee.co.id/Lengkuas-i.105792168.6359076038?sp_atk=86facba1-f988-475a-b201-13f639c627ba&xptdk=86facba1-f988-475a-b201-13f639c627ba
20,Pasar Kita - Lengkuas Lengkoas Super Segar Laos Laja - Fresh Galangal Penyedap Bumbu Makanan 250gr,6000,250,gram,pasarkitamahoni,https://shopee.co.id/Pasar-Kita-Lengkuas-Lengkoas-Super-Segar-Laos-Laja-Fresh-Galangal-Penyedap-Bumbu-Makanan-250gr-i.89665705.7191455372?sp_atk=06c0eba4-142b-40e4-a10f-6c211d316b43&xptdk=06c0eba4-142b-40e4-a10f-6c211d316b43
20,Lengkuas Kering | Laos | Alpinia | JSR 100%,7000,100,gram,mardjojamu92,https://shopee.co.id/Lengkuas-Kering-Laos-Alpinia-JSR-100--i.264822962.6772722285?sp_atk=0d54fd58-a190-4b16-bc2b-7286246cf42f&xptdk=0d54fd58-a190-4b16-bc2b-7286246cf42f
20,Lengkuas/Laja/Laos bumbu dapur 500g Murah,5000,500,gram,santhreetani,https://shopee.co.id/Lengkuas-Laja-Laos-bumbu-dapur-500g-Murah-i.406404067.13689904152?sp_atk=43d8771e-1a37-4db5-9642-bb8f254692ff&xptdk=43d8771e-1a37-4db5-9642-bb8f254692ff
20,Lengkuas 250 gr,8800,250,gram,shopee_segar,https://shopee.co.id/Lengkuas-250-gr-i.379357698.8413730729?sp_atk=dcf3c9c7-dead-45d1-81c1-a6fff7485bc0&xptdk=dcf3c9c7-dead-45d1-81c1-a6fff7485bc0
20,lengkuas laos 200 gr,5000,200,gram,waringin_7,https://shopee.co.id/lengkuas-laos-200-gr-i.15160602.11718980404?sp_atk=157a0511-f96c-40e9-9975-597d97fb1d23&xptdk=157a0511-f96c-40e9-9975-597d97fb1d23
20,Lengkuas Segar atau Laja Bumbu bisa herbal,4800,100,gram,herba_store86,https://shopee.co.id/Lengkuas-Segar-atau-Laja-Bumbu-bisa-herbal-i.347838457.9902371663?sp_atk=45f87702-8387-47f6-95e2-8d71934d9330&xptdk=45f87702-8387-47f6-95e2-8d71934d9330
20,lengkuas super. 500 gram,6000,500,gram,deni99efendi,https://shopee.co.id/lengkuas-super.-500-gram-i.127595425.17559174847?sp_atk=aee5f97a-9ed5-4589-9c7b-ce4c85b93364&xptdk=aee5f97a-9ed5-4589-9c7b-ce4c85b93364
20,"Lengkuas / Laos 250 Gram, Lengkuas / laos 250 gram, Lengkuas, Laja, Laos Semarang Area",7000,250,gram,rempahdapurbumbumasak,https://shopee.co.id/Lengkuas-Laos-250-Gram-Lengkuas-laos-250-gram-Lengkuas-Laja-Laos-Semarang-Area-i.718110446.11892193218?sp_atk=4543a7f8-3cc6-4bb2-9d13-1fe6ed381f30&xptdk=4543a7f8-3cc6-4bb2-9d13-1fe6ed381f30
20,LENGKUAS MERAH SEGAR 1KG/LAOS MERAH SEGAR,12000,1,kg,halohojayalestari,https://shopee.co.id/LENGKUAS-MERAH-SEGAR-1KG-LAOS-MERAH-SEGAR-i.322202857.4489609783?sp_atk=9641af77-ebcb-4c04-aedf-325a9b3abed0&xptdk=9641af77-ebcb-4c04-aedf-325a9b3abed0
20,Laos / Lengkuas - Berat 200gram,4450,200,gram,mracang_market,https://shopee.co.id/Laos-Lengkuas-Berat-200gram-i.89921731.15702436529?sp_atk=efb3f0f8-2444-4219-9511-da41a682e10c&xptdk=efb3f0f8-2444-4219-9511-da41a682e10c
20,Lengkuas Segar Laos Merah 500 Gram,10000,500,gram,homecalist.id,https://shopee.co.id/Lengkuas-Segar-Laos-Merah-500-Gram-i.175805470.12957697330?sp_atk=54d751db-4d66-4b3b-a589-96ad7a826633&xptdk=54d751db-4d66-4b3b-a589-96ad7a826633
20,lengkuas laos rempah bumbu masakan lengkuas murah,1500,250,gram,marcheljogja,https://shopee.co.id/lengkuas-laos-rempah-bumbu-masakan-lengkuas-murah-i.273496124.15327586113?sp_atk=b0e740e5-663c-4e7e-88ed-7d9275da8f41&xptdk=b0e740e5-663c-4e7e-88ed-7d9275da8f41
20,"LENGKUAS SEGAR ,250 GRM",2000,250,gram,indro_wahyudi,https://shopee.co.id/LENGKUAS-SEGAR-250-GRM-i.138064429.11766383172?sp_atk=a7d296e5-0741-42ee-9d94-3250349108ee&xptdk=a7d296e5-0741-42ee-9d94-3250349108ee
20,Lengkuas merah 1kg | Lengkoas | Laja,11000,1,kg,ghanifarmshop,https://shopee.co.id/Lengkuas-merah-1kg-Lengkoas-Laja-i.337552513.10985916386?sp_atk=7dd94792-352e-4a88-97e5-85583b0e5aab&xptdk=7dd94792-352e-4a88-97e5-85583b0e5aab
20,Lengkuas / laos segar bumbu masak murah,8000,1,kg,herbalova1,https://shopee.co.id/Lengkuas-laos-segar-bumbu-masak-murah-i.7897530.13004779837?sp_atk=7c247c39-7f63-452e-87e2-df1804274145&xptdk=7c247c39-7f63-452e-87e2-df1804274145
20,LENGKUAS SEGAR 1 KG,5600,1,kg,galeri_mustika_cell,https://shopee.co.id/LENGKUAS-SEGAR-1-KG-i.211910375.6483764071?sp_atk=501d8591-0e0d-43d6-9f93-a24f0eccb47f&xptdk=501d8591-0e0d-43d6-9f93-a24f0eccb47f
20,Lengkuas merah segar,800,100,gram,miftakhulhuda0102,https://shopee.co.id/Lengkuas-merah-segar-i.328861228.15904518421?sp_atk=05825fcd-fde5-4ac7-9e07-ff1b380e1796&xptdk=05825fcd-fde5-4ac7-9e07-ff1b380e1796
20,Lengkuas 200gr FreshBox,6300,200,gram,freshbox,https://shopee.co.id/Lengkuas-200gr-FreshBox-i.77679332.2318657336?sp_atk=674ce33e-0e5f-4935-aeae-8a243a9f7617&xptdk=674ce33e-0e5f-4935-aeae-8a243a9f7617
20,Lengkuas / Laos - 250 Gram,4000,250,gram,pedagangsayur21,https://shopee.co.id/Lengkuas-Laos-250-Gram-i.188224035.6902407143?sp_atk=cc58da68-8f82-4856-a863-d3387697a79b&xptdk=cc58da68-8f82-4856-a863-d3387697a79b
20,Greenara Ground Galangal 50gr / Bubuk Lengkuas,12500,50,gram,greenaraofficial,https://shopee.co.id/Greenara-Ground-Galangal-50gr-Bubuk-Lengkuas-i.79297074.8887044593?sp_atk=aaa216bf-3511-409c-963f-0092436144bc&xptdk=aaa216bf-3511-409c-963f-0092436144bc
19,DAUN KUMIS KUCING SEGAR ORGANIK 500 GRAM GRAM (OBAT HERBAL) TANAMAN HERBAL,24000,500,gram,yaniicerry,https://shopee.co.id/DAUN-KUMIS-KUCING-SEGAR-ORGANIK-500-GRAM-GRAM-(OBAT-HERBAL)-TANAMAN-HERBAL-i.50886182.6753646915?sp_atk=aa899411-8ebd-45aa-990a-fa14aede963c&xptdk=aa899411-8ebd-45aa-990a-fa14aede963c
19,BIBIT KUMIS KUCING SIAP TANAM (beli 5 gratis 1),3999,1,bibit,nikobibittanaman,https://shopee.co.id/BIBIT-KUMIS-KUCING-SIAP-TANAM-(beli-5-gratis-1)-i.319761492.8905881358?sp_atk=dead6808-512a-4864-b421-7ef956e5f1f5&xptdk=dead6808-512a-4864-b421-7ef956e5f1f5
19,obat batu ginjal Herbal daun jamu suplemen kesehatan kapsul kumis kucing isi 50,37000,50,butir,randzey,https://shopee.co.id/obat-batu-ginjal-Herbal-daun-jamu-suplemen-kesehatan-kapsul-kumis-kucing-isi-50-i.292999416.5252468148?sp_atk=39c9b4c6-71fb-44c0-879a-15a8148366cc&xptdk=39c9b4c6-71fb-44c0-879a-15a8148366cc
19,Readyy Daun kumis kucing segar 100gram organik siap ambil ke kebun,5000,100,gram,center_plants_indonesia,https://shopee.co.id/Readyy-Daun-kumis-kucing-segar-100gram-organik-siap-ambil-ke-kebun-i.400278190.9224958512?sp_atk=13b1c08d-7260-4b11-9aa1-4d224885486d&xptdk=13b1c08d-7260-4b11-9aa1-4d224885486d
19,Daun kumis kucing segar - obat herbal 1 helai,100,1,helai,husten_store,https://shopee.co.id/Daun-kumis-kucing-segar-obat-herbal-1-helai-i.171807079.6491142759?sp_atk=ef4b1bc8-f20b-4229-8ff1-5ffa1fa4cf93&xptdk=ef4b1bc8-f20b-4229-8ff1-5ffa1fa4cf93
19,Tanaman hias herbal kumis kucing tanmn obat herbal,5000,1,bibit,tanamanhias_awwa90,https://shopee.co.id/Tanaman-hias-herbal-kumis-kucing-tanmn-obat-herbal-i.271983652.3838277507?sp_atk=f109a647-c39d-4df2-b110-709e78a8049d&xptdk=f109a647-c39d-4df2-b110-709e78a8049d
19,20 Lembar Daun Kumis Kucing ✓ Teruji Mampu Meluruhkan Batu Ginjal ✓ Efek Langsung Terasa seketika s,3000,20,lembar,lologrosir,https://shopee.co.id/20-Lembar-Daun-Kumis-Kucing-%E2%9C%93-Teruji-Mampu-Meluruhkan-Batu-Ginjal-%E2%9C%93-Efek-Langsung-Terasa-seketika-s-i.999577.3202993208?sp_atk=d466e1fa-08eb-48f6-83e6-a717c48f2fae&xptdk=d466e1fa-08eb-48f6-83e6-a717c48f2fae
19,"DAUN KUMIS KUCING KERING, OBAT BATU GINJAL DAN INFEKSI SALURAN KENCING HERBAL",10000,50,gram,"
ingat38store",https://shopee.co.id/DAUN-KUMIS-KUCING-KERING-OBAT-BATU-GINJAL-DAN-INFEKSI-SALURAN-KENCING-HERBAL-i.171139553.6948618783?sp_atk=e2f93eff-ada1-4218-9aab-3e692bfa6804&xptdk=e2f93eff-ada1-4218-9aab-3e692bfa6804
19,Daun Kumis Kucing Segar per 20 Lembar Obat Batu Ginjal,3000,20,lembar,ali_masum15,https://shopee.co.id/Daun-Kumis-Kucing-Segar-per-20-Lembar-Obat-Batu-Ginjal-i.239888056.3151293964?sp_atk=e0c37ae8-ee46-45e3-8773-aa9dfb1008ee&xptdk=e0c37ae8-ee46-45e3-8773-aa9dfb1008ee
19,Daun kumis kucing segar 100gram organik siap ambil ke kebun,5000,100,gram,kurnia_berkah2,https://shopee.co.id/Daun-kumis-kucing-segar-100gram-organik-siap-ambil-ke-kebun-i.93568933.6662649639?sp_atk=ffcafd6a-86a7-48e3-9c03-e01d69a9dfa9&xptdk=ffcafd6a-86a7-48e3-9c03-e01d69a9dfa9
19,Daun kumis kucing segar - obat herbal alami,200,1,helai,tokoduaribuan,https://shopee.co.id/Daun-kumis-kucing-segar-obat-herbal-alami-i.399796394.11900128024?sp_atk=c8fb4146-074f-4037-9de2-954d7d181939&xptdk=c8fb4146-074f-4037-9de2-954d7d181939
19,KUMIS KUCING MELURUHKAN BATU GINJAL DAN PERKEMIHAN,50000,1,botol,4riswg08,https://shopee.co.id/KUMIS-KUCING-MELURUHKAN-BATU-GINJAL-DAN-PERKEMIHAN-i.221902823.4933155485?sp_atk=36370af8-a940-4179-bf40-075e7fc8e33f&xptdk=36370af8-a940-4179-bf40-075e7fc8e33f
19,daun kumis kucing daun kumis kucing 250gr tanaman kumis kucing daun nya aja untuk obat herbal daun kumis kucing,2500,250,gram,shabitgroup,https://shopee.co.id/daun-kumis-kucing-daun-kumis-kucing-250gr-tanaman-kumis-kucing-daun-nya-aja-untuk-obat-herbal-daun-kumis-kucing-i.178326448.15017502288?sp_atk=c4ff45cf-e697-487f-94a1-ec2eb2bdd035&xptdk=c4ff45cf-e697-487f-94a1-ec2eb2bdd035
19,Tanaman Obat Kumis Kucing,17000,1,bibit,bungaindahkotabatu,https://shopee.co.id/Tanaman-Obat-Kumis-Kucing-i.312708977.7859143432?sp_atk=6baa0862-5fe6-46d7-91b7-318625e81bde&xptdk=6baa0862-5fe6-46d7-91b7-318625e81bde
19,Daun Kumis kucing obat herbal ginjal kendala kencing,300,1,helai,ninnashop,https://shopee.co.id/Daun-Kumis-kucing-obat-herbal-ginjal-kendala-kencing-i.1898557.8519602374?sp_atk=18801e1f-af75-4582-a1c7-92e6f77cb720&xptdk=18801e1f-af75-4582-a1c7-92e6f77cb720
19,Daun Kumis Kucing Segar Daun Kumis Kucing untuk Batu Ginjal,20000,250,gram,sariphdyt20,https://shopee.co.id/Daun-Kumis-Kucing-Segar-Daun-Kumis-Kucing-untuk-Batu-Ginjal-i.269311252.3559118420?sp_atk=4620ef7f-7aff-467b-9121-5b4523f92b3c&xptdk=4620ef7f-7aff-467b-9121-5b4523f92b3c
19,daun kumis kucing segar/obat herbal 100 gram,7000,100,gram,imathafidz,https://shopee.co.id/daun-kumis-kucing-segar-obat-herbal-100-gram-i.165114690.16622937580?sp_atk=52063286-3205-40dd-859a-f3cb8b2ff2fd&xptdk=52063286-3205-40dd-859a-f3cb8b2ff2fd
19,obat herbal daun kumis kucing 100 gram,5000,100,gram,tiyul21,https://shopee.co.id/obat-herbal-daun-kumis-kucing-100-gram-i.111831837.10508495843?sp_atk=7d758cbc-e9a0-4a41-b810-f653ff6a7def&xptdk=7d758cbc-e9a0-4a41-b810-f653ff6a7def
19,Paket Hemat 500 gram Daun Kumis Kucing Segar Murah,51000,500,gram,putusiregh_store,https://shopee.co.id/%E2%9E%AE-Paket-Hemat-500-gram-Daun-Kumis-Kucing-Segar-Murah-%E2%9E%AB-i.219471385.12046355360?sp_atk=f2ade44b-a758-435b-9e2d-3541ea5936a4&xptdk=f2ade44b-a758-435b-9e2d-3541ea5936a4
19,Tanaman obat kumis kucing,15000,1,bibit,"
rizqinabibit",https://shopee.co.id/Tanaman-obat-kumis-kucing-i.284243878.6542028196?sp_atk=81ab0f97-7914-47a4-a576-eb885c79d5c8&xptdk=81ab0f97-7914-47a4-a576-eb885c79d5c8
19,Daun Kumis Kucing Segar - Obat Herbal,350,1,helai,mughistmuhammad,https://shopee.co.id/Daun-Kumis-Kucing-Segar-Obat-Herbal-i.130258485.10706572614?sp_atk=a0d8ebd9-8582-4002-8051-c06fd467cddf&xptdk=a0d8ebd9-8582-4002-8051-c06fd467cddf
19,romo daun kumis kucing segar 500 gram,28000,500,gram,cv.herbal_alam,https://shopee.co.id/promo-daun-kumis-kucing-segar-500-gram-i.240834099.7073383942?sp_atk=a7d97e3b-5b26-4131-881b-7afd230b4577&xptdk=a7d97e3b-5b26-4131-881b-7afd230b4577
19,Tanaman herbal kumis kucing pohon obat,12500,1,bibit,alfian_taman,https://shopee.co.id/Tanaman-herbal-kumis-kucing-pohon-obat-i.378045261.8211507939?sp_atk=a6aa72e2-473e-47a5-bf28-9ccec103a724&xptdk=a6aa72e2-473e-47a5-bf28-9ccec103a724
19,"Daun Kumis Kucing Segar 100gr, Obat Rematik",12000,100,gram,herbalis_alami,https://shopee.co.id/Daun-Kumis-Kucing-Segar-100gr-Obat-Rematik-i.456074509.10908254400?sp_atk=5fd886c3-7a1e-4d4d-91d9-ddf629deb73c&xptdk=5fd886c3-7a1e-4d4d-91d9-ddf629deb73c
19,tanaman herbal kumis kucing/pohon obat kumis kucing/pohon herbal,10000,1,bibit,nuansatamanlestari01,https://shopee.co.id/tanaman-herbal-kumis-kucing-pohon-obat-kumis-kucing-pohon-herbal-i.343981716.4269265366?sp_atk=a945d2a5-4de7-466f-a46c-d834de11ef53&xptdk=a945d2a5-4de7-466f-a46c-d834de11ef53
15,Biji Benih Bibit Daun Kemangi Lalap Repack Komangi Benih Jawara Bisa untuk Hidroponi dan Konvensional,800,300,benih,greengardenee,https://shopee.co.id/Biji-Benih-Bibit-Daun-Kemangi-Lalap-Repack-Komangi-Benih-Jawara-Bisa-untuk-Hidroponi-dan-Konvensional-i.19714335.2843106211?sp_atk=6decac17-a313-436f-b504-dd94a5f3cd0d&xptdk=6decac17-a313-436f-b504-dd94a5f3cd0d
15,"200 Biji - Benih Bibit Sayuran Daun Kemangi lalap LOKAL, lemon basil",2000,200,biji,superbenih,https://shopee.co.id/200-Biji-Benih-Bibit-Sayuran-Daun-Kemangi-lalap-LOKAL-lemon-basil-i.28629656.2253990668?sp_atk=ce0a7b44-20b8-46c1-af6f-d1cbcb775f73&xptdk=ce0a7b44-20b8-46c1-af6f-d1cbcb775f73
15,Daun Kemangi 100 gr,7200,100,gram,shopee_segar,https://shopee.co.id/Daun-Kemangi-100-gr-i.379357698.3279314069?sp_atk=a01fb8f7-5e60-4469-a0cc-3381e6379a3f&xptdk=a01fb8f7-5e60-4469-a0cc-3381e6379a3f
15,FCW - Daun Kemangi Per Ikat,5000,1,ikat,fcwarehouse,https://shopee.co.id/FCW-Daun-Kemangi-Per-Ikat-i.14496302.5121520250?sp_atk=a9cd494c-0de8-4beb-9cdd-c768baaa25f6&xptdk=a9cd494c-0de8-4beb-9cdd-c768baaa25f6
15,Daun Kemangi 150 Gram,3900,150,gram,kedaimartofficial,https://shopee.co.id/Daun-Kemangi-150-Gram-i.267063888.9618137211?sp_atk=240b5711-df1f-43d4-bfe7-fc22dc9dbc56&xptdk=240b5711-df1f-43d4-bfe7-fc22dc9dbc56
15,Sayurbox Daun Kemangi Konvensional 100 gram,4000,100,gram,sayurbox Official Shop,https://shopee.co.id/Sayurbox-Daun-Kemangi-Konvensional-100-gram-i.47882995.5463261345?sp_atk=57b457cb-87e6-4998-9c33-9d44d55bbb05&xptdk=57b457cb-87e6-4998-9c33-9d44d55bbb05
15,Daun Kemangi 250gr FreshBox,12700,250,gram,freshbox,https://shopee.co.id/Daun-Kemangi-250gr-FreshBox-i.77679332.17912583735?sp_atk=a8be7906-88bf-4d2d-9c2a-9852aa343ad8&xptdk=a8be7906-88bf-4d2d-9c2a-9852aa343ad8
15,Daun Kemangi /ikat - SAYUR SEGAR MIMI PALEMBANG,7000,1,ikat,sayursegarmimipalembang,https://shopee.co.id/Daun-Kemangi-ikat-SAYUR-SEGAR-MIMI-PALEMBANG-i.126801166.15015048380?sp_atk=5ed7ec93-d6fc-4199-95bf-2e4ec70de017&xptdk=5ed7ec93-d6fc-4199-95bf-2e4ec70de017
15,Daun Kemangi,3200,1,ikat,enkaonline,https://shopee.co.id/Daun-Kemangi-i.84463912.10383456830?sp_atk=f09d18c3-654e-471e-8694-0cef123f9c65&xptdk=f09d18c3-654e-471e-8694-0cef123f9c65
15,Daun Kemangi Conventional 100 gram (Sayurbox) - SURABAYA,2600,100,gram,sayurbox.surabaya,https://shopee.co.id/Daun-Kemangi-Conventional-100-gram-(Sayurbox)-SURABAYA-i.310419038.6153894468?sp_atk=6b4aa0d7-b0d6-4b34-8ddb-0c3376153491&xptdk=6b4aa0d7-b0d6-4b34-8ddb-0c3376153491
15,Daun Kemangi 200 gr FreshBox,8800,200,gram,freshbox,https://shopee.co.id/Daun-Kemangi-200-gr-FreshBox-i.77679332.5507391183?sp_atk=af1c2e94-7f53-44f0-8700-bfc0405896af&xptdk=af1c2e94-7f53-44f0-8700-bfc0405896af
15,Bimandiri Daun Kemangi 100 gr,7000,100,gram,shopee_segar,https://shopee.co.id/Bimandiri-Daun-Kemangi-100-gr-i.379357698.14750033834?sp_atk=f5490d76-a6a5-478a-ab79-2c93108acd03&xptdk=f5490d76-a6a5-478a-ab79-2c93108acd03
15,SAYUR DAUN KEMANGI / CEMANGI PER IKAT SEGAR FRESH SUPER SEMBAKO MURAH MAKASSAR,4900,1,ikat,supersembako88,https://shopee.co.id/SAYUR-DAUN-KEMANGI-CEMANGI-PER-IKAT-SEGAR-FRESH-SUPER-SEMBAKO-MURAH-MAKASSAR-i.499511110.17941981603?sp_atk=ded6e53b-74a3-4c45-834f-c9f30e91ee73&xptdk=ded6e53b-74a3-4c45-834f-c9f30e91ee73
15,Daun Kemangi Per Ikat / 100 gr,2500,100,gram,sayurfreshnusantara,https://shopee.co.id/Daun-Kemangi-Per-Ikat-100-gr-i.223739205.13669912060?sp_atk=0f1dc30d-7c0e-464d-8781-df160d0840c1&xptdk=0f1dc30d-7c0e-464d-8781-df160d0840c1
15,DAUN KEMANGI SERAWUNG PREMIUM 250 Gr | SAYUR DAERAH,10000,250,gram,sayurdaerah,https://shopee.co.id/DAUN-KEMANGI-SERAWUNG-PREMIUM-250-Gr-SAYUR-DAERAH-i.227985952.7343467172?sp_atk=7fe1c761-9e7b-4bc1-83b8-333b95a61b0b&xptdk=7fe1c761-9e7b-4bc1-83b8-333b95a61b0b
15,Daun Kemangi Ikat Sayur Segar Garansi Termurah,6000,1,ikat,lapakcollection,https://shopee.co.id/Daun-Kemangi-Ikat-Sayur-Segar-Garansi-Termurah-i.48282200.5967820901?sp_atk=92fdd1fd-ebe7-4c2b-b86d-78d7b13a5ff6&xptdk=92fdd1fd-ebe7-4c2b-b86d-78d7b13a5ff6
15,Daun Kemangi per Ikat - Sayur Segar Bekasi,2000,1,ikat,sayurqu,https://shopee.co.id/Daun-Kemangi-per-Ikat-Sayur-Segar-Bekasi-i.489940041.11319881598?sp_atk=9456e9bf-d9f3-478a-8eae-e70d26de1bde&xptdk=9456e9bf-d9f3-478a-8eae-e70d26de1bde
15,daun kemangi premium,7200,100,gram,Bakoel Sayur Online,https://www.tokopedia.com/bakoelindonesia/daun-kemangi-premium
15,Daun Kemangi - per ikat,5000,5,gram,Le Marble,https://www.tokopedia.com/lemarble/daun-kemangi-per-ikat?src=topads
15,Daun Kemangi,8000,200,gram,Amboja Farm,https://www.tokopedia.com/ambojafarm/daun-kemangi?src=topads
15,Daun Kemangi,6500,150,gram,JAAS Store,https://www.tokopedia.com/jaas/daun-kemangi?src=topads
15,daun kemangi 1 ikat segar,3500,300,gram,Faith Fresh,https://www.tokopedia.com/faith-fresh/daun-kemangi-1-ikat-segar?src=topads
15,Benih-bibit Kemangi,11750,5,gram,Planet Benih,https://www.tokopedia.com/planetbenih/benih-bibit-kemangi?src=topads
15,Daun Kemangi Segar Fresh Berkualitas - 1 Ikat,8000,290,gram,JURAGAN IKAN LAUT,https://www.tokopedia.com/juragan-ikan/daun-kemangi-segar-fresh-berkualitas-1-ikat?extParam=ivf%3Dfalse%26src%3Dsearch
15,daun kemangi segar per ikat,6000,70,gram,Grosewu,https://www.tokopedia.com/grosewu-1/daun-kemangi-segar-per-ikat?extParam=ivf%3Dfalse%26src%3Dsearch
17,KAYU MANIS ASLI KUALITAS PREMIUM ISI 100 GRAM BUMBU DAPUR JSR REMPAH PENYEDAP RASA,14500,100,gram,"
rempahindonesiajsr",https://shopee.co.id/KAYU-MANIS-ASLI-KUALITAS-PREMIUM-ISI-100-GRAM-BUMBU-DAPUR-JSR-REMPAH-PENYEDAP-RASA-i.221501084.5816056843?sp_atk=b6d603a3-0e4c-47bb-aaa9-5e31966bb10f&xptdk=b6d603a3-0e4c-47bb-aaa9-5e31966bb10f
17,100gr Kayu Manis / Cinnamon / Rempah / JSR 100% PREMIUM QUALITY,15900,100,gram,capsahabatrempah,https://shopee.co.id/100gr-Kayu-Manis-Cinnamon-Rempah-JSR-100-PREMIUM-QUALITY-i.61055615.2710968021?sp_atk=cdc7b449-37ff-4af5-8402-f5d937484dd3&xptdk=cdc7b449-37ff-4af5-8402-f5d937484dd3
17,kayu manis murah 1kg (cutting 8-10cm),97000,1,kg,botanimart,https://shopee.co.id/kayu-manis-murah-1kg-(cutting-8-10cm)-i.80075793.15629593881?sp_atk=711fb7f1-73cd-4079-9643-9a108da92658&xptdk=711fb7f1-73cd-4079-9643-9a108da92658
17,KAYU MANIS BUBUK ISI 100 GRAM BUMBU DAPUR JSR REMPAH,11500,100,gram,rempahindonesiajsr,https://shopee.co.id/KAYU-MANIS-BUBUK-ISI-100-GRAM-BUMBU-DAPUR-JSR-REMPAH-i.221501084.4516226517?sp_atk=023ec0be-6882-4bd5-8d28-5186194225ca&xptdk=023ec0be-6882-4bd5-8d28-5186194225ca
17,Kayu Manis Bubuk 35 Gr Koepoe Koepoe,5500,35,gram,bakingstorejktbrt,https://shopee.co.id/Kayu-Manis-Bubuk-35-Gr-Koepoe-Koepoe-i.383838498.12587577183?sp_atk=d5ec0a99-233d-4e22-927b-69b236579a16&xptdk=d5ec0a99-233d-4e22-927b-69b236579a16
17,KAYU MANIS ASALAN 500 gr / KAYU MANIS BATANG / CINNAMON STICK,39000,500,gram,habibah.b,https://shopee.co.id/KAYU-MANIS-ASALAN-500-gr-KAYU-MANIS-BATANG-CINNAMON-STICK-i.99605668.6556346697?sp_atk=37048634-f128-4e0a-8d60-9d57b468b596&xptdk=37048634-f128-4e0a-8d60-9d57b468b596
17,Kayu manis stik / keningar 250gram stick 8cm,28000,250,gram,dennykarisma,https://shopee.co.id/Kayu-manis-stik-keningar-250gram-stick-8cm-i.42020152.935026588?sp_atk=585e469b-896d-42c9-a153-8ea5edd32de7&xptdk=585e469b-896d-42c9-a153-8ea5edd32de7
17,"Cinamon stick jumbo size,organic 150 GRAM ukuran jumbo kayu manis super",24000,150,gram,kulit_dimsum,https://shopee.co.id/Cinamon-stick-jumbo-size-organic-150-GRAM-ukuran-jumbo-kayu-manis-super-i.77336621.3537719313?sp_atk=d1af2107-eba7-4534-9509-f203b655b0b8&xptdk=d1af2107-eba7-4534-9509-f203b655b0b8
17,Kayu Manis Tua dan Wangi Cinnamon Stick 100G Kulit Kayu Manis Kering Batang Kayu Manis,14000,100,gram,medanmartcenter,https://shopee.co.id/Kayu-Manis-Tua-dan-Wangi-Cinnamon-Stick-100G-Kulit-Kayu-Manis-Kering-Batang-Kayu-Manis-i.242091333.5334141713?sp_atk=69745cb3-db40-4910-a9df-15fb833268ef&xptdk=69745cb3-db40-4910-a9df-15fb833268ef
17,KAYU MANIS Tua dan Wangi Cinnamon Stick Kulit Kayumanis Kering 100g,14000,100,gram,xzrickyxz99,https://shopee.co.id/KAYU-MANIS-Tua-dan-Wangi-Cinnamon-Stick-Kulit-Kayumanis-Kering-100g-i.148282007.4333867847?sp_atk=de776ce7-ace8-4a38-8828-a22d36945624&xptdk=de776ce7-ace8-4a38-8828-a22d36945624
17,KAYU MANIS UTUH 100 GR - CINNAMON STICK - CINAMON STICKS - STIK HALAL,25000,100,gram,foodrepublic,https://shopee.co.id/KAYU-MANIS-UTUH-100-GR-CINNAMON-STICK-CINAMON-STICKS-STIK-HALAL-i.40492796.3220308329?sp_atk=3b22d1d3-a4d6-4012-9aaa-93c492663782&xptdk=3b22d1d3-a4d6-4012-9aaa-93c492663782
17,250gr KAYU MANIS CASSIA BATANG ORGANIK / CINNAMON CASSIA STIK,50000,250,gram,zhafira.zf,https://shopee.co.id/250gr-KAYU-MANIS-CASSIA-BATANG-ORGANIK-CINNAMON-CASSIA-STIK-i.43271479.11885477180?sp_atk=ffa301b2-118e-41d2-96ff-bd05918894c6&xptdk=ffa301b2-118e-41d2-96ff-bd05918894c6
17,100gr | KAYU MANIS UTUH | CINNAMON | herbal asli alami bumbu dapur penyedap masakan rempah nusantara indonesia,12000,100,gram,ticelmart,https://shopee.co.id/100gr-KAYU-MANIS-UTUH-CINNAMON-herbal-asli-alami-bumbu-dapur-penyedap-masakan-rempah-nusantara-indonesia-i.10594972.687847389?sp_atk=116f4511-82f8-40f7-8d2b-126c430d9f59&xptdk=116f4511-82f8-40f7-8d2b-126c430d9f59
17,✔100% ORIGINAL KAYU MANIS BATANG 500GR / GRADE A,60000,500,gram,flozindotrade,https://shopee.co.id/%E2%9C%94100-ORIGINAL-KAYU-MANIS-BATANG-500GR-GRADE-A-i.45581320.1871227119?sp_atk=4b913945-56b2-44d5-a6ec-e6b3dd4ec778&xptdk=4b913945-56b2-44d5-a6ec-e6b3dd4ec778
17,Kayu Manis Batangan - 8 cm,11000,30,gram,Rimbasari888,https://www.tokopedia.com/rimbasari888/kayu-manis-batangan-8-cm
17,Kayu Manis kemasan 500gram,55000,500,gram,rempahnusantarakaa,https://www.tokopedia.com/rempahnusantarakaa/kayu-manis-kemasan-500gram?src=topads
17,Kayu Manis Stik / Cinnamon Stick Export Quality - 25 gram,12309,25,gram,bumbubumbuku,https://www.tokopedia.com/bumbubumbuku/kayu-manis-stik-cinnamon-stick-export-quality-25-gram?src=topads
17,kayu manis 1 kg / cinnamon stick,125000,1,kg,ZKA Olshop,https://www.tokopedia.com/zka-olshop/kayu-manis-1-kg-cinnamon-stick?src=topads
17,kayu manis batang kualitas import - 50 gram,7500,50,gram,Rempah Homecalist,https://www.tokopedia.com/homecalist/kayu-manis-batang-kualitas-import-50-gram?extParam=ivf%3Dfalse%26src%3Dsearch
17,Beorganik Cinnamon Stick / Kayu Manis Batang 50gr,10000,50,gram,Beorganik,https://www.tokopedia.com/beorganik/beorganik-cinnamon-stick-kayu-manis-batang-50gr?extParam=ivf%3Dfalse%26src%3Dsearch
17,Kayu Manis Batang 100grm - Asli Dan Berkhasiat - 100 gram,15500,100,gram,OkBr,https://www.tokopedia.com/okbr/kayu-manis-batang-100grm-asli-dan-berkhasiat-100-gram?extParam=ivf%3Dfalse%26src%3Dsearch
17,100gr Kayu Manis / Cinnamon 100% PREMIUM QUALITY,14500,100,gram,Cap Sahabat,https://www.tokopedia.com/capsahabat/100gr-kayu-manis-cinnamon-100-premium-quality?src=topads
17,Kayu Manis Organik 100 gram,15800,125,gram,Foodmall,https://www.tokopedia.com/foodmall/kayu-manis-organik-100-gram?extParam=ivf%3Dfalse%26src%3Dsearch
17,Kayu Manis Batang - 50 Gram,8500,50,gram,Green Tea Store,https://www.tokopedia.com/greenteastore/kayu-manis-batang-50-gram?extParam=ivf%3Dfalse%26src%3Dsearch
17,Kayu Manis Batang,17000,105,gram,Dapurwarung,https://www.tokopedia.com/dapurwarung-1/kayu-manis-batang?extParam=ivf%3Dfalse%26src%3Dsearch
8,Buah mengkudu,20000,1,kg,cv_hasilbumi,https://shopee.co.id/Buah-mengkudu-Buah-Pace-Segar-Buah-Noni-l-obat-herbal-alami-per-1kg-i.525810439.12302034671?sp_atk=b3506d58-05bb-4384-8842-d6c3c9380cd5
8,Buah Mengkudu Segar Pace Buah Noni Buah Bentis Fresh,10000,1,kg,zidni15,https://shopee.co.id/1kg-Buah-Mengkudu-Segar-Pace-Buah-Noni-Buah-Bentis-Fresh-i.31431503.14109628679?sp_atk=b3506d58-05bb-4384-8842-d6c3c9380cd5
8,buah mengkudu segar 1kg,10000,1,kg,bambangedydarmoko,https://shopee.co.id/buah-mengkudu-segar-1kg-i.144556216.8803661050?sp_atk=b3506d58-05bb-4384-8842-d6c3c9380cd5
8,"BUAH MENGKUDU ,PACE segar",8000,500,gram,alyjudien01,https://shopee.co.id/BUAH-MENGKUDU-PACE-segar-500-gram-i.216864384.5148248942?sp_atk=b3506d58-05bb-4384-8842-d6c3c9380cd5
8,Buah mengkudu cangkudu pace obat herbal segar fres,23000,1,kg,agis_cahyadiana11,https://shopee.co.id/Buah-mengkudu-cangkudu-pace-obat-herbal-segar-fres-termurah-1kg-bisa-COD-i.135683050.8458304675?sp_atk=b3506d58-05bb-4384-8842-d6c3c9380cd5
8,Buah Mengkudu Segar Buah Pace Segar,12000,1,kg,munawarstore1,https://shopee.co.id/Buah-Mengkudu-Segar-Buah-Pace-Segar-i.14567377.4737611181?sp_atk=9c1ad40a-1ed4-4210-97ce-126d404b803a&xptdk=9c1ad40a-1ed4-4210-97ce-126d404b803a
8,Buah Mengkudu - Buah Pace - Obat herbal ( 1 kg ),21000,1,kg,milik01,https://shopee.co.id/Buah-Mengkudu-Buah-Pace-Obat-herbal-(-1-kg-)-i.350306228.15949201218?sp_atk=9c1ad40a-1ed4-4210-97ce-126d404b803a&xptdk=9c1ad40a-1ed4-4210-97ce-126d404b803a
8,Buah Mengkudu Buah Noni Segar 1kg,9000,1,kg,rustandiricky,https://shopee.co.id/Buah-Mengkudu-Buah-Noni-Segar-1kg-i.106159277.5940315314?sp_atk=644ca8b1-ae80-42a2-8dcb-1301eec896ec
8,BUAH MENGKUDU(PACE) SEGAR 10RB/1KG TERMURAH,10000,1,kg,exa.shop,https://shopee.co.id/BUAH-MENGKUDU(PACE)-SEGAR-10RB-1KG-TERMURAH-i.420817870.12665348406?sp_atk=975ef61b-04f6-4c23-aa45-894ee0d8ad72
8,BUAH MENGKUDU(BUAH PACE) SEGAR/1kg,7600,1,kg,grosir_tanaman_rini,https://shopee.co.id/BUAH-MENGKUDU(BUAH-PACE)-SEGAR-1kg-i.557865264.10479812407?sp_atk=4ccc3f74-0ea4-463b-a02e-5b5819780533
8,buah mengkudu 1kg/buah mengkudu segar/mengkudu herbal/bentis/mengkudu murah,8549,1,kg,.berkah_jaya,https://shopee.co.id/buah-mengkudu-1kg-buah-mengkudu-segar-mengkudu-herbal-bentis-mengkudu-murah-i.407668608.11360085614?sp_atk=afd03af3-373a-478a-a5e3-de8017eea2ea
8,BUAH MENGKUDU PACCE 1KG,18000,1,kg,toko_berkah_9,https://shopee.co.id/BUAH-MENGKUDU-PACCE-1KG-i.655930820.10491102731?sp_atk=feb0e66d-b3a0-4030-990a-f11ca04ecb4b
8,BUAH MENGKUDU/PACE 1kg,22000,1,kg,af_alamiherbal,https://shopee.co.id/BUAH-MENGKUDU-PACE-1kg-i.560349087.11363275401?sp_atk=9cc46166-1366-4fef-84be-94a7d036e10c
8,Buah Pace Mengkudu 1Kg Obat Herbal Alami Buah Noni / Buah Mengkudu,15000,1,kg,v4nill4,https://shopee.co.id/Buah-Pace-Mengkudu-1Kg-Obat-Herbal-Alami-Buah-Noni-Buah-Mengkudu-i.228257179.6779026351?sp_atk=6fd62ec5-3f62-43e2-b487-6900e09b17ac
8,BUAH MENGKUDU SEGAR / CANGKUDU SEGAR 500 Gram,10000,500,gram,arplants99,https://shopee.co.id/BUAH-MENGKUDU-SEGAR-CANGKUDU-SEGAR-500-Gram-i.297452278.16428436017?sp_atk=2a3a8376-7165-49c3-875c-7a582188ae46
8,500 Gram Buah Segar Mengkudu Pace,10500,500,gram,victory_seed,https://shopee.co.id/VICTORY-SEED-500-Gram-Buah-Segar-Mengkudu-Pace-Keumeudee-Ach-Kemudu-Kudu-Cangkudu-Kodhuk-Tibah-Noni-Nono-Nonu-Ungcoikan-Hawaii-Magic-Morinda-Citrifolia-Great-Indian-Beach-Mulberry-Cheese-Fruit-i.10154489.15567732492?sp_atk=5fa59801-9bed-4328-be1b-f581c79ca47d
8,ready Buah mengkudu atau pace 1kg,25000,1,kg,HERBAL JAKSEL,https://www.tokopedia.com/jaksels/ready-buah-mengkudu-atau-pace-1kg?src=topads
8,buah mengkudu 1kg,15000,1,kg,adi flora,https://www.tokopedia.com/adiflora/buah-mengkudu-1kg?extParam=ivf%3Dfalse%26src%3Dsearch
8,1Kg Buah Mengkudu Segar / Pace / Noni - Obat Herbal,14000,1,kg,HAFIKA QIANDRA MECCA,https://www.tokopedia.com/hafikamecca/1kg-buah-mengkudu-segar-pace-noni-obat-herbal?extParam=ivf%3Dfalse%26src%3Dsearch
8,1Kg Buah Mengkudu Segar / Pace / Noni - Obat Herbal,12100,1,kg,Herbal Nusantara Asl,https://www.tokopedia.com/herbal-nusantara-1/1kg-buah-mengkudu-segar-pace-noni-obat-herbal?extParam=ivf%3Dfalse%26src%3Dsearch
8,Buah mengkudu segar/cangkudu 500gram,12500,500,gram,Tumbuhan hias dan Herbal,https://www.tokopedia.com/tumbuhan-hias/buah-mengkudu-segar-cangkudu-500gram?extParam=ivf%3Dfalse%26src%3Dsearch
8,Buah Mengkudu matang 500gr,6000,500,gram,Sakura Herbal Alami,https://www.tokopedia.com/sakuraherbal12/buah-mengkudu-matang-500gr?extParam=ivf%3Dfalse%26src%3Dsearch
8,buah mengkudu segar 500 gram,7000,500,gram,toko herbal dan tanaman,https://www.tokopedia.com/tokoherbaldantanaman/buah-mengkudu-segar-500-gram?extParam=ivf%3Dfalse%26src%3Dsearch
8,Buah Mengkudu matang 500gr,6000,500,gram,pedesaanku,https://www.tokopedia.com/pedesaanku/buah-mengkudu-matang-500gr?extParam=ivf%3Dfalse%26src%3Dsearch
8,Buah Pace Mengkudu 500gram - Buah Herbal Pace Mengkudu - Buah Noni,10000,500,gram,fatir florist,https://www.tokopedia.com/fatirflorist/buah-pace-mengkudu-500gram-buah-herbal-pace-mengkudu-buah-noni?extParam=ivf%3Dfalse%26src%3Dsearch
10,tanaman purwaceng,5900,3,,herb.beauty,https://shopee.co.id/tanaman-purwaceng-i.102741154.3983470158?sp_atk=b13b8bb6-ebe2-45cc-9356-aa6a7290ab19
10,TANAMAN HERBAL PURWACENG / PURWOCENG /VALERIAN HUTAN,45000,1,ikat,bibit30,https://shopee.co.id/TANAMAN-HERBAL-PURWACENG-PURWOCENG-VALERIAN-HUTAN-i.80637412.3801060472?sp_atk=c3f6b7dc-53cd-4ea7-b36b-8bfc8edc4fe7
10,Tanaman Purwaceng,10000,3,ikat,sunny.clou,https://shopee.co.id/Tanaman-Purwaceng-i.94831887.9215264788?sp_atk=3524efd2-298c-4156-8d7f-a80d31bc49e9
10,Len Bibit Tanaman Herbal Purwaceng Atau Purwoceng,39000,1,ikat,wcarletocollect,https://shopee.co.id/Len-Bibit-Tanaman-Herbal-Purwaceng-Atau-Purwoceng-i.188611313.3611131885?sp_atk=f25b7330-3c54-4001-8e0d-89e399a68915
10,Ada Bibit Tanaman Herbal Purwaceng Go Shop,53000,1,ikat,budiyustore,https://shopee.co.id/Ada-Bibit-Tanaman-Herbal-Purwaceng-Go-Shop%E2%99%A8-i.163243575.2799133681?sp_atk=0508a7b5-b0ca-41dd-9580-bb249ca2dc15
10,BIBIT TANAMAN HERBAL PURWOCENG,30000,1,ikat,muria_tama92,https://shopee.co.id/BIBIT-TANAMAN-HERBAL-PURWOCENG-i.376946371.14816748062?sp_atk=339ef6cb-40a9-4cfe-be5b-7c8c7c200e6c
10,Bibit Tanaman Purwoceng - Purwaceng - Tanaman Kisaat Herbal,20000,1,ikat,safaflorist,https://shopee.co.id/Bibit-Tanaman-Purwoceng-Purwaceng-Tanaman-Kisaat-Herbal-i.382730542.17131780712?sp_atk=63766347-b8d4-4152-b9d6-fca3c01d4d23
10,bibit tanaman purwaceng,15000,1,ikat,zikrihamzah15,https://shopee.co.id/bibit-tanaman-purwaceng-i.81332116.12390370922?sp_atk=fce1157b-8c7f-44c0-bf5c-efe35a2603b0
10,BIBIT TANAMAN HERBAL PURWACENG,45000,1,ikat,halili30,https://shopee.co.id/BIBIT-TANAMAN-HERBAL-PURWACENG-i.28253632.2307363928?sp_atk=03676e0f-be30-4010-82ea-8bc6da1e5c61
10,BIBIT PURWACENG TANAMAN PURWACENG PURWOCENG PIMPINELLA ALPINA,10000,1,ikat,mongkrang_herbal,https://shopee.co.id/BIBIT-PURWACENG-TANAMAN-PURWACENG-PURWOCENG-PIMPINELLA-ALPINA-i.302050585.7658485053?sp_atk=f79f1a15-d4ec-425a-b696-887013bff1db
10,Bibit Tanaman Purwoceng/Purwaceng/Kisaat Herbal,25000,500,gram,SAFAFLORIST,https://www.tokopedia.com/safafloris/bibit-tanaman-purwoceng-purwaceng-kisaat-herbal?extParam=ivf%3Dfalse
10,BIBIT PURWACENG TANAMAN PURWACENG,30000,1375,gram,Gravenz,https://www.tokopedia.com/gravenz/bibit-purwaceng-tanaman-purwaceng-purwoceng-pimpinella-a-wettwa-5172gg?extParam=ivf%3Dfalse
10,TANAMAN HERBAL PURWACENG / PURWOCENG,70000,2,kg,Eynov,https://www.tokopedia.com/eynov/tanaman-herbal-purwaceng-purwoceng-valerian-hutan-disdge-9988bd?extParam=ivf%3Dfalse
10,Bibit tanaman herbal Purwaceng atau Purwoceng,60000,2.111,gram,Knudsen,https://www.tokopedia.com/knudsen/bibit-tanaman-herbal-purwaceng-atau-purwoceng-gurwpo-9292si?extParam=ivf%3Dfalse
10,Bibit Tanaman Herbal Purwoceng,56000,980,gram,menazoke,https://www.tokopedia.com/menazoke/bibit-tanaman-herbal-purwoceng-diwlwu-1532rn?extParam=ivf%3Dfalse
10,BIBIT TANAMAN HERBAL PURWOCENG,50000,980,gram,Cartwer,https://www.tokopedia.com/cartwer/bibit-tanaman-herbal-purwoceng-bodtte-3996nj?extParam=ivf%3Dfalse
10,tanaman Purwoceng,122200,500,gram,savitriraya,https://www.tokopedia.com/savitriraya/atau-bibit-herbal-tanaman-purwoceng-purwaceng?extParam=ivf%3Dfalse
10,ALPINA BIBIT PURWOCENG PURWACENG TANAMAN PIMPINELLA PURWACENG,49300,500,gram,mardhi respati12,https://www.tokopedia.com/mardhirespati1/alpina-bibit-purwoceng-purwaceng-tanaman-pimpinella-purwaceng?extParam=ivf%3Dfalse
10,Purwaceng/ Purwoceng/ Tanaman Herbal,85000,400,gram,Agro Herbal Store,https://www.tokopedia.com/agroherbals/purwaceng-purwoceng-tanaman-herbal?extParam=ivf%3Dfalse
10,bibit purwoceng hutan,40000,1,ikat,hendrikprastyo87,https://shopee.co.id/bibit-purwoceng-hutan-i.51745312.2355554723?sp_atk=b5e2b7f5-feba-4fa6-9bb9-973b08ff5346
10,BIBIT PURWACENG TANAMAN PURWACENG PURWOCENG PIMPINELLA ALPINA,25000,640,gram,Agunk Tralala,https://www.tokopedia.com/agunktralala/bibit-purwaceng-tanaman-purwaceng-purwoceng-pimpinella-alpina?extParam=ivf%3Dfalse%26src%3Dsearch
10,bibit purwaceng antanan gunung purwoceng,30000,500,gram,WAFI BIBIT STORE,https://www.tokopedia.com/wafibibitstore/bibit-purwaceng-antanan-gunung-purwoceng?extParam=ivf%3Dfalse%26src%3Dsearch
10,TANAMAN HERBAL PURWACENG / PURWOCENG /VALERIAN HUTAN,45000,1,ikat,bibit30,https://shopee.co.id/TANAMAN-HERBAL-PURWACENG-PURWOCENG-VALERIAN-HUTAN-i.80637412.3801060472?sp_atk=dc0362fe-a839-4fc7-914d-4cc63969a861
10,"Bibit Purwaceng Gunung, Antanan Gunung, Purwoceng, Pimpinella pruatjan",5000,1,ikat,mongkrang_herbal,https://shopee.co.id/Bibit-Purwaceng-Gunung-Antanan-Gunung-Purwoceng-Pimpinella-pruatjan-i.302050585.15768070107?sp_atk=25eefaad-88ad-4997-8b1d-fef765d1bbc1
10,Bibit Tanaman Herbal Valerian Purwaceng,41000,1,ikat,cawuk10store,https://shopee.co.id/Her0-Bibit-Tanaman-Herbal-Valerian-Purwaceng-i.214549799.4716296720?sp_atk=4d021ef5-00a0-4686-8908-5d0f77e5f935
4,100gr Jintan / Jintan Wangi / Cumin / Caraway / Rempah / JSR 100% PREMIUM QUALITY,9900,100,gram,capsahabatrempah,https://shopee.co.id/100gr-Jintan-Jintan-Wangi-Cumin-Caraway-Rempah-JSR-100-PREMIUM-QUALITY-i.61055615.2574287983?sp_atk=3d775e36-7bbd-45c8-a224-57f21e432f15
4,JINTAN PUTIH /JINTEN ASLI 1KG,50000,1,kg,halohojayalestari,https://shopee.co.id/JINTAN-PUTIH-JINTEN-ASLI-1KG-i.322202857.5691584733?sp_atk=01f8cc6d-7f9b-4a95-98f2-42e4c9151755
4,Jintan / jinten asli 50gr,3700,10,gram,sumbergizi.id,https://shopee.co.id/SS067-Jintan-jinten-asli-50gr-i.327594111.6662614359?sp_atk=d62cb596-3743-49cc-aecc-06b60e2cd1fb
4,Jinten 100 gr,8700,100,gram,shopee_segar_surabaya,https://shopee.co.id/Jinten-100-gr-i.457823043.4891193024?sp_atk=d62cb596-3743-49cc-aecc-06b60e2cd1fb
4,Jintan Putih Original 100gr - Jintan Masak,9000,100,gram,herbal_supplier,https://shopee.co.id/Jintan-Putih-Original-100gr-Jintan-Masak-i.163906141.9149489454?sp_atk=d62cb596-3743-49cc-aecc-06b60e2cd1fb
4,jintan 1 kg,55000,1,kg,alifarizki10,https://shopee.co.id/jintan-1-kg-i.3485289.5851389642?sp_atk=d62cb596-3743-49cc-aecc-06b60e2cd1fb
4,Jinten Putih Per Bungkus 10 Gr Pasar Lampung,2000,10,gram,pasarlampung,https://shopee.co.id/Jinten-Putih-Per-Bungkus-10-Gr-Pasar-Lampung-i.264543530.3894768867?sp_atk=3f86861c-d562-4f12-8410-279c5c7b157a
4,Jintan / jinten asli 50gr,3700,50,gram,sumbergizi.id,https://shopee.co.id/SS067-Jintan-jinten-asli-50gr-i.327594111.6662614359?sp_atk=ce6201ab-24cc-4d98-aa14-3d12388bad35
4,Jintan Bumbu / Jemuju (Caraway Seeds) 1 Kg,50000,1,kg,anugrah_rempah_herbal,https://shopee.co.id/Jintan-Bumbu-Jemuju-(Caraway-Seeds)-1-Kg-i.149534336.5793030054?sp_atk=6d1a775d-b640-4c40-b1c2-49f48fa3cef8
4,JINTEN PUTIH MASAK ALAMI ECERAN 100gram,7000,100,gram,makmurtehnik,https://shopee.co.id/JINTEN-PUTIH-MASAK-ALAMI-ECERAN-100gram-i.216761486.13958003599?sp_atk=cd58b8d4-ac5d-4418-9c2f-a3e12d48025b
4,Jinten 100 gram - Jintan Putih,7000,100,gram,homecalist.id,https://shopee.co.id/Jinten-100-gram-Jintan-Putih-i.175805470.11268564645?sp_atk=78d3f7af-ec93-4b6c-830e-b3987d9f621b
4,JINTEN/JINTAN PUTIH/1KG/JINTAN BERSIH MURAH,52999,1,kg,mava_jaya,https://shopee.co.id/JINTEN-JINTAN-PUTIH-1KG-JINTAN-BERSIH-MURAH-i.312648781.9585049728?sp_atk=efb41097-553c-42e0-86b0-c0ec8e43616c
4,jinten/cumin/jintan/jemuju 250 gram,17500,250,gram,Jaya bakti sembako,https://www.tokopedia.com/jayabaktisembako/jinten-cumin-jintan-jemuju-250-gram?src=topads
4,Cumin seed 500gram / Jinten biji,35000,500,gram,Parengge Rengge,https://www.tokopedia.com/parenggerenge/cumin-seed-500gram-jinten-biji?src=topads
4,Cumin seed 100gram / Jinten biji,15000,100,gram,Parengge Rengge,https://www.tokopedia.com/parenggerenge/cumin-seed-100gram-jinten-biji
4,jinten putih asli 100g,10500,100,gram,tk dewi,https://www.tokopedia.com/tokodewimajujayaabadi1/jinten-putih-asli-100g?extParam=ivf%3Dfalse%26src%3Dsearch
4,Termurah Caraway Seed | 1kg | Jintan Masak | Biji Jinten Premium - Tanpa Bubble,48000,1,kg,Tanibumi Official,https://www.tokopedia.com/tanibumi/termurah-caraway-seed-1kg-jintan-masak-biji-jinten-premium-tanpa-bubble?extParam=ivf%3Dfalse%26src%3Dsearch
4,Jinten Jintan Cumin atau Caraway Seed 100 G Gram Fresh Dan bersih,7000,100,gram,Distributor-Jaya,https://www.tokopedia.com/distributor-jaya/jinten-jintan-cumin-atau-caraway-seed-100-g-gram-fresh-dan-bersih?extParam=ivf%3Dfalse%26src%3Dsearch
4,jinten 100gr - Jintan,7900,100,gram,Rempah Homecalist,https://www.tokopedia.com/homecalist/jinten-100gr-jintan?src=topads
4,Biji Jinten/Jintan putih 30 Gram,4800,30,gram,Sang Rempah,https://www.tokopedia.com/sangrempah/biji-jinten-jintan-putih-30-gram?extParam=ivf%3Dfalse%26src%3Dsearch
4,Jinten Putih / Biji Jinten,12000,100,gram,Bumbu Kak Ros,https://www.tokopedia.com/bumbukakros/jinten-putih-biji-jinten?extParam=ivf%3Dfalse%26src%3Dsearch
4,Cuma Seed / Biji Jinten / Caraway Seed - 250gr,2300,250,gram,Grocery Food Ingredientss,https://www.tokopedia.com/groceryingredients/cuma-seed-biji-jinten-caraway-seed-250gr?extParam=ivf%3Dfalse%26src%3Dsearch
4,Biji jinten 500 gram,22000,500,gram,DapoerRempah,https://www.tokopedia.com/dapoerrempah/biji-jinten-500-gram?extParam=ivf%3Dfalse%26src%3Dsearch
4,Jinten Utuh Pack / Cumin Seeds - 50 Gram Bumbu Selera Kita,6500,55,gram,Bumbu Selera Kita,https://www.tokopedia.com/bselera/jinten-utuh-pack-cumin-seeds-50-gram-bumbu-selera-kita?extParam=ivf%3Dfalse%26src%3Dsearch
4,jinten putih/cumin 1kg,61000,1.1,kg,toko importer,https://www.tokopedia.com/importers/jinten-putih-cumin-1kg?extParam=ivf%3Dfalse%26src%3Dsearch
5,KAPULAGA KAPOLAGA ASLI ISI 50 GRAM,17000,50,gram,rempahindonesiajsr,https://shopee.co.id/KAPULAGA-KAPOLAGA-ASLI-ISI-50-GRAM-i.221501084.11035794123?sp_atk=e494e721-b5f1-48c0-86ce-4c2cf64a1b27
5,KAPULAGA | KAPOLAGA ISI 100 GRAM ASLI KUALITAS PREMIUM BUMBU DAPUR JSR REMPAH,20000,100,gram,cvegiherbalindo,https://shopee.co.id/KAPULAGA-KAPOLAGA-ISI-100-GRAM-ASLI-KUALITAS-PREMIUM-BUMBU-DAPUR-JSR-REMPAH-i.506253613.10774351928?sp_atk=37a6d0ff-7714-4306-8287-5a190f7cda5a
5,Kapulaga Kapolaga ALAMI,15500,50,gram,berkahtijaroh92,https://shopee.co.id/Kapulaga-Kapolaga-ALAMI-i.222991707.4317273993?sp_atk=02e3144b-c2af-4185-8cdf-fbe5c0331aeb
5,KAPOL KAPULAGA KAPOLAGA KERING 500gr,62000,500,gram,yoga15nm,https://shopee.co.id/KAPOL-KAPULAGA-KAPOLAGA-KERING-500gr-i.94837391.7916298717?sp_atk=be5d5fc4-ae72-42f8-9e18-582bc8984b5b
5,Kapulaga kapol kapolaga kering 1kg original,125000,1,kg,rempahlumajang,https://shopee.co.id/Kapulaga-kapol-kapolaga-kering-1kg-original-i.114830912.6813928252?sp_atk=4b047eb8-fd63-445d-a260-7349ea0a7770
5,kapulaga kapol jawa lokal kering 1 kg,97500,1,kg,griyokopisukorejo,https://shopee.co.id/kapulaga-kapol-jawa-lokal-kering-1-kg-i.6276320.5457783527?sp_atk=55ea71dc-d19b-4a8b-afed-bc2567b225a0
5,50gr Kapulaga kapol kering deka,9000,50,gram,yoga15nm,https://shopee.co.id/50gr-Kapulaga-kapol-kering-deka-i.94837391.6137472788?sp_atk=ffdbe337-f5a1-406e-a783-8cd7bb4a54de
5,Kapulaga Jawa / cardamom java 50gr dan 100gr,40000,100,gram,ellayin22,https://shopee.co.id/Kapulaga-Jawa-cardamom-java-50gr-dan-100gr-i.90441606.4516122531?sp_atk=20b35d1c-4fe2-46bd-84e6-16b9aad05aeb
5,Kapulaga Kering 1KG | Cardamon,122315,1,kg,temukenongo,https://shopee.co.id/Kapulaga-Kering-1KG-Cardamon-i.142389939.9394350767?sp_atk=d8304029-529d-41aa-8395-e06417f3b7a6
5,kapulaga kapol jawa lokal kering 500gram,52500,500,gram,griyokopisukorejo,https://shopee.co.id/kapulaga-kapol-jawa-lokal-kering-500gram-i.6276320.5957782334?sp_atk=037cec5d-aeec-4720-bf85-9a5dcf34496d
5,Kapulaga Putih Premium 1 kg/ Kapol Putih / White Cardamom,189999,1,kg,Store Rezeki Kita,https://www.tokopedia.com/srezekikita/kapulaga-putih-premium-1-kg-kapol-putih-white-cardamom?src=topads
5,50gr Kapulaga Jawa / True Cardamom 100% PREMIUM,14900,50,gram,Cap Sahabat,https://www.tokopedia.com/capsahabat/50gr-kapulaga-jawa-true-cardamom-100-premium?src=topads
5,BUMBU DAPUR REMPAH KAPOLAGA / KAPULAGA / CARDAMOM KERING 100 GRAM,14850,100,gram,TOKO KURMA AER,https://www.tokopedia.com/tokokurmaaer/bumbu-dapur-rempah-kapolaga-kapulaga-cardamom-kering-100-gram?src=topads
5,Kapulaga Kapol Putih Bai Dou Kou Cardamon - 10 Gram,4999,10,gram,Bumbu Selera Kita,https://www.tokopedia.com/bselera/kapulaga-kapol-putih-bai-dou-kou-cardamon-10-gram?extParam=ivf%3Dfalse%26src%3Dsearch
5,Kapulaga / Kapolaga / Kapol Jawa - 25 gram,11000,25,gram,OkBr,https://www.tokopedia.com/okbr/kapulaga-kapolaga-kapol-jawa-25-gram?extParam=ivf%3Dfalse%26src%3Dsearch
5,kapulaga,10000,25,gram,Bandar Grosir Tangerang,https://www.tokopedia.com/soffglaze/kapulaga?extParam=ivf%3Dfalse%26src%3Dsearch
5,KAPULAGA ASLI ISI 50 GRAM KUALITAS PREMIUM BUMBU DAPUR JSR REMPAH,24000,50,gram,jsr rempah indonesia,https://www.tokopedia.com/jsrrempah/kapulaga-asli-isi-50-gram-kualitas-premium-bumbu-dapur-jsr-rempah?extParam=ivf%3Dfalse%26src%3Dsearch
5,Kapulaga / Kapulogo / Kapolaga / Kapol / Kapu laga / Rempah - Rempah,15000,30,gram,Jahe Merah Asli,https://www.tokopedia.com/jahemerahasli/kapulaga-kapulogo-kapolaga-kapol-kapu-laga-rempah-rempah?extParam=ivf%3Dfalse%26src%3Dsearch
5,Kapulaga Putih MURNI! / kapolaga / White Cardamon 50 G Gram,25000,55,gram,Distributor-Jaya,https://www.tokopedia.com/distributor-jaya/kapulaga-putih-murni-kapolaga-white-cardamon-50-g-gram?extParam=ivf%3Dfalse%26src%3Dsearch
5,KAPULAGA PUTIH / CARDAMON - 5 GRAM,7000,10,gram,Pindo AR,https://www.tokopedia.com/pindoar/kapulaga-putih-cardamon-5-gram?extParam=ivf%3Dfalse%26src%3Dsearch
5,kapulaga 100 gram,32000,100,gram,UD liston,https://www.tokopedia.com/udliston/kapulaga-100-gram?src=topads
5,Kapulaga / Cardamon kualitas terbaik 500 gr,100000,500,gram,ZKA Olshop,https://www.tokopedia.com/zka-olshop/kapulaga-cardamon-kualitas-terbaik-500-gr?src=topads
5,KAPULAGA PUTIH UTUH LOKAL/ CARDAMON - 100 GRAM,575000,100,gram,natama ingredients,https://www.tokopedia.com/natamaingridien/kapulaga-putih-utuh-lokal-cardamon-100-gram?src=topads
5,Kapulaga putih lokal 250gram / cardamon local / kapol,91750,250,gram,Parengge Rengge,https://www.tokopedia.com/parenggerenge/kapulaga-putih-lokal-250gram-cardamon-local-kapol?src=topads
5,kapulaga putih 50 gram cardamon,13750,50,gram,EroSeries,https://www.tokopedia.com/eroseries/kapulaga-putih-50-gram-cardamon
1,Akar Manis | 500g | Licorice Kering | Kayu Legi | Akar Legi | Herbal Obat Premium,28000,500,gram,tanibumi,https://shopee.co.id/Akar-Manis-500g-Licorice-Kering-Kayu-Legi-Akar-Legi-Herbal-Obat-Premium-i.320023057.11935253974?sp_atk=1fdbcdd0-ed86-41bd-8aab-5d80982a33e5
1,Kam Cho Gan Cao Akar Manis Licorice Root 50 g,15900,50,gram,healthybytasty,https://shopee.co.id/Kam-Cho-Gan-Cao-Akar-Manis-Licorice-Root-50-g-i.60818120.2317408903?sp_atk=fc33c72f-632b-4e6d-8fca-e0ba6ae0f297
1,Kayu Legi 100gr - Akar Manis - Kayu Manis Cina,8500,100,gram,herbal_supplier,https://shopee.co.id/Kayu-Legi-100gr-Akar-Manis-Kayu-Manis-Cina-i.163906141.9882225258?sp_atk=9435025c-7464-4c41-8c1c-1599da5bc7ae
1,GAN CAO (37 gram) / GANCAO / LICORICE / KAMCO / KAMCHO / KAYU MANIS,10000,37,gram,tokoobatpandubandung,https://shopee.co.id/GAN-CAO-(37-gram)-GANCAO-LICORICE-KAMCO-KAMCHO-KAYU-MANIS-i.93378564.6627631195?sp_atk=8bf2a5f5-aedb-4e94-b383-6552db96dc31
1,Akar Manis Kering/Licorice 100gr | Memperlancar Pernafasan,12500,100,gram,Malioboro Online Mall,https://www.tokopedia.com/malioborojogja/akar-manis-kering-licorice-100gr-memperlancar-pernafasan?src=topads
1,Benih LICORICE / Akar Manis - Bibit Biji,5200,1,biji,cedrusstore,https://shopee.co.id/Benih-LICORICE-Akar-Manis-Bibit-Biji-i.7067142.1876856506?sp_atk=8a2c26ba-67f0-48fb-9951-fc92916a9c35
1,Update Stok Benih LICORICE / Akar Manis - Bibit Biji,20000,1,biji,hendy7shop,https://shopee.co.id/Update-Stok-Benih-LICORICE-Akar-Manis-Bibit-Biji-i.509691267.15152147522?sp_atk=9f8bb755-495b-40ce-87e1-81e9808368db
1,akar manis / licorice root / Gan Cao 25 gram,7950,25,gram,seduh.tisane,https://shopee.co.id/akar-manis-licorice-root-Gan-Cao-25-gram-i.156479475.8748162737?sp_atk=289b5908-dc0f-4c3d-a9e7-4efe26bf8b88
1,Termurah Akar Manis | 1kg | Licorice Kering | Kayu Legi | Akar Legi | Herbal Obat Premium,56000,1,kg,tanibumi,https://shopee.co.id/Termurah-Akar-Manis-1kg-Licorice-Kering-Kayu-Legi-Akar-Legi-Herbal-Obat-Premium-i.320023057.12134760360?sp_atk=a314a1d4-f8b2-4724-99d5-6f7ea35c3411
1,Termurah Akar Manis | 250g | Licorice Kering | Kayu Legi | Akar Legi | Herbal Obat Premium,19500,250,gram,tanibumi,https://shopee.co.id/Termurah-Akar-Manis-250g-Licorice-Kering-Kayu-Legi-Akar-Legi-Herbal-Obat-Premium-i.320023057.12551011969?sp_atk=eeb112c7-7c9e-4947-8141-465a712a3ce1
1,kayu legi 500gram/akar manis/kayu manis cina,35000,500,gram,wahyuriyadhe,https://shopee.co.id/kayu-legi-500gram-akar-manis-kayu-manis-cina-i.170107082.9110491904?sp_atk=2701b13c-4dc6-415a-b550-9553d558ae71
1,AKAR LEGI 200GR PREMIUM - AKAR MANIS 200 GR - KAYU LEGI - LICORICE,22880,200,gram,goldenseed,https://shopee.co.id/AKAR-LEGI-200GR-PREMIUM-AKAR-MANIS-200-GR-KAYU-LEGI-LICORICE-i.23730442.2816048665?sp_atk=b7f2d623-fd8c-45a9-b9f3-307420f71467
1,KAM CHAU/KAM CHOO/AKAR MANIS/LICORICE ROOT/ MENGHILANGKAN RACUN DALAM TUBUH,25000,100,gram,mygaleryshop,https://shopee.co.id/KAM-CHAU-KAM-CHOO-AKAR-MANIS-LICORICE-ROOT-MENGHILANGKAN-RACUN-DALAM-TUBUH-i.367217041.16800766335?sp_atk=6ebb0193-77b2-4eea-9c4b-fc8e46d04b34
1,100 gram PREMIUM LICORICE PREMIUM / GAN CAO / AKAR MANIS REMPAH SEHAT,23900,100,gram,goldentree_88,https://shopee.co.id/100-gram-PREMIUM-LICORICE-PREMIUM-GAN-CAO-AKAR-MANIS-REMPAH-SEHAT-i.47018365.2358103217?sp_atk=9e01558c-b282-4790-9b1e-9b26a257ff54
1,Akar manis/kayu legi 500 gram,50000,500,gram,rickyindrakusuma,https://shopee.co.id/Akar-manis-kayu-legi-500-gram-i.27910067.12609750891?sp_atk=fb1df7c1-13f8-440b-9541-9e6ad5541c33
1,Kam Cho Gan Cao Akar Manis Licorice Root 50 g,15800,50,gram,tokopancoran1,https://shopee.co.id/Kam-Cho-Gan-Cao-Akar-Manis-Licorice-Root-50-g-i.412622069.7087572447?sp_atk=b44cf0a4-0281-492d-8116-a3ccbddc64c7
1,( BAYAR DI TEMPAT ) 250 gram Licorice /Akar Manis / Kayu Legi,44000,250,gram,FEB MART,https://www.lazada.co.id/products/bayar-di-tempat-250-gram-licorice-akar-manis-kayu-legi-i1216364464-s1978134280.html?freeshipping=1&search=1&spm=a2o4j.searchlist.list.i7.3fca4e41L7LFWF
1,Kam Cho Gan Cao Akar Manis Licorice Root 50Gr,10000,50,gram,Xiao2shop,https://www.tokopedia.com/xiao2shop/kam-cho-gan-cao-akar-manis-licorice-root-50gr
1,Kam Cho Gan Cao Akar Manis Licorice Root 50 g,15900,50,gram,Healty By Tasty,https://www.tokopedia.com/healthybytasty/kam-cho-gan-cao-akar-manis-licorice-root-50-g?src=topads
1,Akar Manis 100gram / Gan Cao / Licorice Asli berkualitas,20000,100,gram,Nyitfa,https://www.tokopedia.com/nyitfa/akar-manis-100gram-gan-cao-licorice-asli-berkualitas?src=topads
1,Akar Manis 100gram/ Repack import / Kam Chau 100gr/ Kam Choo CS,32500,100,gram,CAHAYA_STATIONERY,https://www.tokopedia.com/cahayastationery888/akar-manis-100gram-repack-import-kam-chau-100gr-kam-choo-cs?src=topads
1,GanCao / KamCho / Ricorice / Akar Manis 100gr - 50gr,9900,50,gram,nurah rezeki21,https://www.tokopedia.com/murahrezeki21/gancao-kamcho-ricorice-akar-manis-100gr-50gr?extParam=ivf%3Dfalse
1,akar manis/kamcho/Licorice Kualitas Bagus. - 300gram,45000,300,gram,Gunjin,https://www.tokopedia.com/gunjin/akar-manis-kamcho-licorice-kualitas-bagus-300gram?extParam=ivf%3Dfalse
1,Akar Manis / Licorice Root/ Kam Cho / GanCao 50g,15000,50,gram,sehatjaya88,https://www.tokopedia.com/sehatjaya88/akar-manis-licorice-root-kam-cho-gancao-50g?extParam=ivf%3Dfalse
1,gan cao / kam cho / kamcho akar manis premium 500g,90000,500,gram,JLaris,https://www.tokopedia.com/jlaris/gan-cao-kam-cho-kamcho-akar-manis-premium-500g?src=topads
2,Daun Jambu Mede / Mete Kering 30 gram ( Anacardium Occidentale ),7900,30,gram,mayaherbs,https://shopee.co.id/Daun-Jambu-Mede-Mete-Kering-30-gram-(-Anacardium-Occidentale-)-i.519235542.15643513531?sp_atk=a460fcdd-4de8-4270-98bd-10fc3eecab86
2,DAUN JAMBU MONYET / DAUN MEDE / DAUN JAMBU MEDE PER IKAT,5500,1,ikat,waroenklinda,https://shopee.co.id/DAUN-JAMBU-MONYET-DAUN-MEDE-DAUN-JAMBU-MEDE-PER-IKAT-i.264094045.9212482483?sp_atk=7d8fff5c-09ee-4f0a-aa0a-08be590d5364
2,daun jambu Mede muda,10000,1,ikat,putrikembarherbal75,https://shopee.co.id/daun-jambu-Mede-muda-i.261012946.11351599395?sp_atk=ffab18f0-1e37-4ff2-b4df-cc49402012c2
2,Daun Jambu Mede / Daun Moneng / Daun Mede / Daun Jambu Mete - Per Ikat,7500,1,ikat,widya_focallure,https://shopee.co.id/Daun-Jambu-Mede-Daun-Moneng-Daun-Mede-Daun-Jambu-Mete-Per-Ikat-i.280475304.10418963777?sp_atk=00aa6668-720a-4cba-a7a4-0369958ebc8a
2,Daun jambu mete/jambu monyet,13655,200,gram,mahfudinsuaeb,https://shopee.co.id/Daun-jambu-mete-jambu-monyet-i.75102131.5920664391?sp_atk=f0107ecc-2f8c-4c30-b56c-338a18be99a7
2,lalap daun jambu Mede segar/500grm,15000,500,gram,frifkiananda016,https://shopee.co.id/lalap-daun-jambu-Mede-segar-500grm-i.401901616.11722366728?sp_atk=e77c521b-ef52-4116-90eb-e8c8f7697252
2,Daun mede segar daun jambu mede,10000,1,ikat,cempakagreenhouse,https://shopee.co.id/Daun-mede-segar-daun-jambu-mede-i.316451377.12402871321?sp_atk=5ba65bb2-34f5-475a-8116-f7567a08df21
2,DAUN JAMBU MEDE JAMBU MENTE JAMBU MONYET,20000,200,gram,gentagedod10,https://shopee.co.id/DAUN-JAMBU-MEDE-JAMBU-MENTE-JAMBU-MONYET-i.177441757.3081456641?sp_atk=989bfac8-3e60-4d1a-88a2-811e8dba242d
2,Daun jambu mete fresh 200gr,6000,200,gram,muria_tama,https://shopee.co.id/Daun-jambu-mete-fresh-200gr-i.576323895.8296147513?sp_atk=31e33f42-099a-4735-9e0d-ff0e43d67177
2,Daun Jambu Monyet/Jambu Mede,10000,150,gram,zafaa_ijen,https://shopee.co.id/Daun-Jambu-Monyet-Jambu-Mede-i.300935623.6451176037?sp_atk=67cf1f71-acaa-47e5-9d97-d8013244ab53
2,Daun jambu mete/jambu monyet,14520,200,gram,ahmad_saepul24,https://shopee.co.id/Daun-jambu-mete-jambu-monyet-i.237935014.4924676857?sp_atk=e04a207b-cf8a-4dae-bbfd-dd0823cc0c3f
2,Daun jambu biji kering berkualitas - 1 kg,45000,1,kg,jenitra.grosirherbal,https://shopee.co.id/Daun-jambu-biji-kering-berkualitas-1-kg-i.368233959.8314693158?sp_atk=d6fa8b6c-80aa-431c-919c-89045a2b5a22
2,Daun jambu mete/jambu monyet,14480,100,gram,ali_hidayat.04,https://shopee.co.id/Daun-jambu-mete-jambu-monyet-i.316880862.8614338792?sp_atk=06028860-73a9-4cff-8d96-5e8081066d27
2,Daun Jambu mede Muda Daun Lalapan/100grm,15000,100,gram,aulia_jaya_mandiri,https://shopee.co.id/Daun-Jambu-mede-Muda-Daun-Lalapan-100grm-i.665329261.15247720540?sp_atk=c4258b9f-9f58-40b1-9acb-3c0a02f9a6c7
2,Daun jambu mete/jambu monyet,13130,200,gram,apotekhidupind,https://shopee.co.id/Daun-jambu-mete-jambu-monyet-i.215215547.6517511633?sp_atk=437a6cfa-3816-4aba-ad23-eb28395555a1
2,DAUN JAMBU MONYET / DAUN JAMBU METE PER IKAT,5500,1,ikat,waroenklinda,https://www.tokopedia.com/waroenklinda/daun-jambu-monyet-daun-jambu-mete-per-ikat?extParam=ivf%3Dfalse%26src%3Dsearch
2,DAUN JAMBU MONYET / DAUN JAMBU METE/MEDE / IKAT,7500,1,ikat,groceryku,https://www.tokopedia.com/groceryku/daun-jambu-monyet-daun-jambu-mete-mede-ikat?extParam=ivf%3Dfalse%26src%3Dsearch
2,Daun jambu mete/jambu monyet,13000,200,gram,APOTE K HIDUP IND,https://www.tokopedia.com/apotkhidupind/daun-jambu-mete-jambu-monyet?extParam=ivf%3Dfalse%26src%3Dsearch
2,pucuk daun jambu mete / jambu monyet 1kg,45000,1,kg,Wan'sAquatic,https://www.tokopedia.com/wansaquatic-2/pucuk-daun-jambu-mete-jambu-monyet-1kg?extParam=ivf%3Dfalse%26src%3Dsearch
2,Daun jambu Mete muda segar untup lalapan,20900,300,gram,WG Colection,https://www.tokopedia.com/wgcolection/daun-jambu-mete-muda-segar-untup-lalapan?extParam=ivf%3Dfalse%26src%3Dsearch
2,Daun Jambu Mete/Jambu Moyet,15000,115,gram,cempakagreenhouse,https://www.tokopedia.com/cempakagreenhouse/daun-jambu-mete-jambu-moyet?extParam=ivf%3Dfalse%26src%3Dsearch
2,daun jambu mete/ daun jambu monyet segar/daun mete organik fresh,6500,100,gram,Lagoona Fresh,https://www.tokopedia.com/lagoona/daun-jambu-mete-daun-jambu-monyet-segar-daun-mete-organik-fresh?extParam=ivf%3Dfalse%26src%3Dsearch
2,Daun Jambu Mete Muda/Daun Jambu Monyet Muda (ikat),9500,150,gram,faeyzafoods,https://www.tokopedia.com/faeyzafoods/daun-jambu-mete-muda-daun-jambu-monyet-muda-ikat?extParam=ivf%3Dfalse%26src%3Dsearch
2,daun jambu mete segar daun jambu monyet IND,500,100,gram,Dawara_Herbal_Shop,https://www.tokopedia.com/dawara-herbal/daun-jambu-mete-segar-daun-jambu-monyet-ind?extParam=ivf%3Dfalse%26src%3Dsearch
2,DAUN JAMBU METE-daun jambu monyet,14000,200,gram,Sumber Herbal Ind,https://www.tokopedia.com/sumberherbalind/daun-jambu-mete-daun-jambu-monyet?extParam=ivf%3Dfalse%26src%3Dsearch
9,Pohon Herbal Daun Meniran,5000,1,pohon,yudha_pratama86,https://shopee.co.id/Pohon-Herbal-Daun-Meniran-i.269607682.9140995009?sp_atk=87373192-b02f-4098-9680-d222ac6688f6
9,DAUN MENIRAN SEGAR 500 Gram,15000,500,gram,arplants99,https://shopee.co.id/DAUN-MENIRAN-SEGAR-500-Gram-i.297452278.7566869357?sp_atk=055f1ff2-6405-4b15-9f63-7a372f12e7bd
9,Daun meniran segar(500gram),19550,500,gram,yaniicerry,https://shopee.co.id/Daun-meniran-segar(500gram)-i.50886182.3432757778?sp_atk=b4c015bf-6457-42cd-9ff0-3b216bbadce4
9,daun meniran - herbal PENINGKAT IMUNITAS - per 100 gram,21110,100,gram,febriana1414,https://shopee.co.id/daun-meniran-herbal-PENINGKAT-IMUNITAS-per-100-gram-i.31303088.9619601591?sp_atk=c24dc4c2-0d61-4dee-b51a-1d54796d6611
9,Bibit tanaman daun Meniran / pohon Meniran / tanaman herbal Meniran,10000,1,pohon,febryembed,https://shopee.co.id/Bibit-tanaman-daun-Meniran-pohon-Meniran-tanaman-herbal-Meniran-i.192044708.5122086209?sp_atk=f24cf114-cca7-4276-af5b-a10c0c8412ed
9,Tanaman Daun Meniran/Pohon Daun Meniran /Obat Herbal,15000,1,pohon,arkanshoop85,https://shopee.co.id/Tanaman-Daun-Meniran-Pohon-Daun-Meniran-Obat-Herbal-i.235343144.4183696086?sp_atk=0f49a61c-a8e6-4d0a-9d32-b5692c26e6f8
9,BIBIT MENIRAN HERBAL PERPAKET,3000,1,paket,arplants99,https://shopee.co.id/BIBIT-MENIRAN-HERBAL-PERPAKET-i.297452278.9003472259?sp_atk=99a04e44-0774-434c-9a84-3e61ef17877c
9,DAUN MENIRAN SEGAR 100 Gram,4000,100,gram,arplants99,https://shopee.co.id/DAUN-MENIRAN-SEGAR-100-Gram-i.297452278.5366870797?sp_atk=3ac349e1-90cd-48dc-8121-1fea7add80b3
9,Tanaman Herbal Daun Meniran/Bibit Tanaman Daun Meniran,9500,1,pohon,tanamanobatherbalsulawesi,https://shopee.co.id/Tanaman-Herbal-Daun-Meniran-Bibit-Tanaman-Daun-Meniran-i.342400595.12626437075?sp_atk=715a6b95-e9c0-4e4b-816e-fda45902e590
9,Meniran segar daun meniran 100 gram New promo,7500,100,gram,nusantarapertiwistore08,https://shopee.co.id/Meniran-segar-daun-meniran-100-gram-New-promo-i.537971434.12717064846?sp_atk=62d331ae-5cd5-493f-b93c-ae8dbe66d6ba
9,Bibit Pohon Daun Meniran - Tanaman Obat Herbal,14250,1,pohon,tokotanibibit,https://shopee.co.id/Bibit-Pohon-Daun-Meniran-Tanaman-Obat-Herbal-i.8585350.9723460325?sp_atk=8a52287b-204f-49b4-88ae-f81703912e06
9,Daun Meniran hijau Segar Kemasan 250gr,23275,250,gram,yuliydrn07,https://shopee.co.id/Daun-Meniran-hijau-Segar-Kemasan-250gr-i.394869571.8625409063?sp_atk=a082b2cc-978c-4fa9-9d0d-14368f55aae4
9,Daun Meniran Segar Fresh 200 Gram Obat Herbal,9000,200,gram,cv_tanamanindah,https://shopee.co.id/Daun-Meniran-Segar-Fresh-200-Gram-Obat-Herbal-i.375641824.7281880033?sp_atk=374c0feb-4466-4311-a3b3-b3e972cb122b
9,Daun meniran segar 100gram,8500,100,gram,ade_uloh_007,https://shopee.co.id/Daun-meniran-segar-100gram-i.301375062.7472834892?sp_atk=0f2dad28-acf4-4b9a-afdf-86f8027e0a92
9,Meniran segar daun meniran 100 gram New promo,7500,100,gram,nusantarapertiwistore08,https://shopee.co.id/Meniran-segar-daun-meniran-100-gram-New-promo-i.537971434.12717064846?sp_atk=295b56cb-dee9-4c26-8826-de1c825ef1c1
9,Herbal meniran segar baru petik 100 gram,3000,100,gram,khatulistiwaherbal,https://shopee.co.id/Herbal-meniran-segar-baru-petik-100-gram-i.103757648.4124904485?sp_atk=96e255b0-7362-4d0b-9e4e-968b31b1e626
9,Bibit Tanaman Pohon Meniran - Tanaman Daun Meniran,3000,1,pohon,mentest,https://shopee.co.id/Bibit-Tanaman-Pohon-Meniran-Tanaman-Daun-Meniran-i.17004232.13335463947?sp_atk=b08030e0-8c4a-4744-8f33-1939fb9df1aa
9,Promo DAUN MENIRAN SEGAR 100gram,11000,100,gram,herbal_top12,https://shopee.co.id/Promo-DAUN-MENIRAN-SEGAR-100gram-i.597634838.15535489067?sp_atk=73bc4b91-9de3-4193-aa23-917b6b2feefa
9,Daun Meniran Segar 100gr Langsung Petik,5000,100,gram,kebun_herbal,https://shopee.co.id/Daun-Meniran-Segar-100gr-Langsung-Petik-i.603813327.12363816043?sp_atk=7217a085-3c5b-4947-9f45-e30290c20f3f
9,Daun meniran segar organik 250gram herbal,7500,250,gram,keluargakeraton,https://shopee.co.id/Daun-meniran-segar-organik-250gram-herbal-i.332694369.7792088640?sp_atk=f0cea037-e0b8-4dd4-b09b-8adefbe2afd1
9,Daun meniran segar(500gram),20000,500,gram,herbal_store2504,https://shopee.co.id/Daun-meniran-segar(500gram)-i.323026681.6182163748?sp_atk=2d6f8af0-c068-4cd7-8796-79e2300b8e02
9,Daun Meniran Segar 500gram,10000,500,gram,sazqia_putri,https://shopee.co.id/Daun-Meniran-Segar-500gram-i.167305010.14642550162?sp_atk=73cc0bd5-a07e-48ac-a354-d69a9b4ffa9d
9,DAUN MENIRAN SEGAR 100 Gram dipetik ketika ada orderan,4000,100,gram,mentest,https://shopee.co.id/DAUN-MENIRAN-SEGAR-100-Gram-dipetik-ketika-ada-orderan-i.17004232.12835461581?sp_atk=9da1f2ea-8fa5-40a1-a043-94be81cb9e2e
9,daun meniran segar frseh 250grm,15000,200,gram,anugrah_.hiasan46,https://shopee.co.id/daun-meniran-segar-frseh-250grm-i.515748160.10938783375?sp_atk=a5064a48-ded7-4a4c-a028-fb0ab3919fd2
9,Daun Meniran segar fresh 500 gram,16000,500,gram,ramdanstarseller029,https://shopee.co.id/Daun-Meniran-segar-fresh-500-gram-i.297460644.3459786647?sp_atk=a64ed2f8-818f-46fb-b8c2-672f0525a461
11,BIBIT SAMBILOTO HERBAL (beli 5 gratis 1),4999,1,pohon,nicobibittanaman,https://shopee.co.id/BIBIT-SAMBILOTO-HERBAL-(beli-5-gratis-1)-i.319761492.4056769050?sp_atk=7396db6a-eddc-41c7-87bb-6cba068f944c
11,Daun sambiloto segar 500gram / obat herbal alami,35000,500,gram,cv_hasilbumi,https://shopee.co.id/Daun-sambiloto-segar-500gram-obat-herbal-alami-i.525810439.10147403635?sp_atk=e03134cb-5712-4305-9818-a84f30650dca
11,Bibit Tanaman Obat Daun Sambiloto Bibit Sambiloto,6435,1,pohon,florasukses,https://shopee.co.id/Bibit-Tanaman-Obat-Daun-Sambiloto-Bibit-Sambiloto-i.406948547.8546565160?sp_atk=3e9ce0bf-3046-4d98-aac7-98db0869dd19
11,Bibit Sambiloto Daun Sambiloto Tanaman Herbal Pahitan Bahan Jamu,4500,1,pohon,mr_online,https://shopee.co.id/Bibit-Sambiloto-Daun-Sambiloto-Tanaman-Herbal-Pahitan-Bahan-Jamu-i.58450174.1631046674?sp_atk=d33f1714-a78b-4dff-8f46-a2877bdaf615
11,Tanaman Sambiloto,10000,1,pohon,nur_mustika_online,https://shopee.co.id/Tanaman-Sambiloto-i.111459139.2402049717?sp_atk=53d4127d-f50c-4337-9a80-f738cb549aae
11,Tanaman Obat Daun Sambiloto Bibit Sambiloto (Andrographis paniculata),5000,1,pohon,akbarmedikabekasi,https://shopee.co.id/Tanaman-Obat-Daun-Sambiloto-Bibit-Sambiloto-(Andrographis-paniculata)-i.1059988.5245143454?sp_atk=d74f12fb-575f-43c1-807a-875b0904fde3
11,[150g] Bibit tanaman sambiloto herbal sambiroto - kipahit,5000,150,gram,gubuk_papringan,https://shopee.co.id/-150g-Bibit-tanaman-sambiloto-herbal-sambiroto-kipahit-i.228696510.4967070824?sp_atk=51a20954-750f-4404-be6f-66d843a4e37a
11,Bibit Tanaman Sambiloto Obat Herbal (Andrographis paniculata),5900,1,pohon,bekasionlinecenter,https://shopee.co.id/Bibit-Tanaman-Sambiloto-Obat-Herbal-(Andrographis-paniculata)-i.9181472.5811250632?sp_atk=c0d0853b-3581-403c-a0c5-39148f855e9d
11,Bibit Sambiloto Daun Sambiloto Tanaman Herbal Pahitan Bahan Jamu,4500,1,pohon,mr_online,https://shopee.co.id/Bibit-Sambiloto-Daun-Sambiloto-Tanaman-Herbal-Pahitan-Bahan-Jamu-i.58450174.1631046674?sp_atk=72ae5fab-d668-474e-b1b5-afe503cc4b5d
11,Bibit Tanaman Herbal Sambiloto Murah,5500,1,pohon,bumiberkah.or.id,https://shopee.co.id/Bibit-Tanaman-Herbal-Sambiloto-Murah-i.312631763.12865090669?sp_atk=d88c8987-5fb2-420f-89bd-7f7cfba4490d
11,Tanaman herbal sambiloto - pohon sambiloto,5000,1,pohon,syahrultaman26,https://shopee.co.id/Tanaman-herbal-sambiloto-pohon-sambiloto-i.285479309.3847853696?sp_atk=9116d822-db1c-4c5a-abd9-6b4cab4a0f12
11,Bibit Tanaman samiloto Daun Sambiloto Obat Herbal,11400,1,pohon,zplant,https://shopee.co.id/Bibit-Tanaman-samiloto-Daun-Sambiloto-Obat-Herbal-i.82315936.2249446926?sp_atk=e9250905-8862-4f31-b3fc-ecf23f9bddbe
11,BIBIT SAMBILOTO ( TANAMAN HERBAL ),15000,1,pohon,grosirbibitmurah24,https://shopee.co.id/BIBIT-SAMBILOTO-(-TANAMAN-HERBAL-)-i.137461511.2563513313?sp_atk=718ad6d0-ccee-4a81-a3f0-2169ec9f8641
11,Jual Tanaman herbal sambiloto _,10000,1,pohon,apriatamafahmiihsan,https://shopee.co.id/Jual-Tanaman-herbal-sambiloto-_-i.74902138.6531923670?sp_atk=996e45d3-60a0-407a-97bb-a0a8d7ac32cf
11,bibit sambiloto tanaman herbal,5000,1,pohon,idabali,https://shopee.co.id/bibit-sambiloto-tanaman-herbal-i.3688050.14777229203?sp_atk=29890656-1825-4030-87de-1c8b849eaa27
11,TANAMAN HERBAL SAMBILOTO,15000,1,pohon,anggifebiyolamustafiz,https://shopee.co.id/TANAMAN-HERBAL-SAMBILOTO-i.80091462.3339991618?sp_atk=61c90e15-cdd4-4390-ab85-bb8e7263a9db
11,45 Seed / Butir Biji Benih Tanaman Herbal Sambiroto | Sambiloto Per Biji Hanya 99 Rupiah,2970,40,biji,iasuke,https://shopee.co.id/45-Seed-Butir-Biji-Benih-Tanaman-Herbal-Sambiroto-Sambiloto-Per-Biji-Hanya-99-Rupiah-i.38491007.4360096191?sp_atk=2b908752-949e-44a2-a6f2-f5d005097fb5
11,Tanaman Herbal Daun Sambiloto/Bibit Tanaman Obat Sambiloto,13500,1,pohon,tanamanobatherbalsulawesi,https://shopee.co.id/Tanaman-Herbal-Daun-Sambiloto-Bibit-Tanaman-Obat-Sambiloto-i.342400595.11420830211?sp_atk=1f1c9f5f-7862-4b95-a087-15771f64630d
11,BIJI BENIH TANAMAN OBAT DAUN SAMBILOTO | ISI 20 PERPACK,10000,20,biji,nasrudin.nas,https://shopee.co.id/BIJI-BENIH-TANAMAN-OBAT-DAUN-SAMBILOTO-ISI-20-PERPACK-i.77959869.6751161594?sp_atk=dac3a1e7-a347-4f77-ba2b-8ce34dc5c24a
11,Tanaman Sambiloto,14000,1,pohon,petani_bibit_unggul,https://shopee.co.id/Tanaman-Sambiloto-i.44568019.2691983325?sp_atk=07065939-0b32-4b72-8411-263f062fac53
11,25biji benih tanaman herbal sambiloto,2200,25,biji,Iharishop,https://shopee.co.id/25biji-benih-tanaman-herbal-sambiloto-i.110406345.2025120994?sp_atk=1606cfd7-cc99-43f0-a41c-49a3de388cda
11,Pohon sambiloto / benih herbal ) hiasan taman,25950,1,pohon,izzahflowers,https://shopee.co.id/Pohon-sambiloto-benih-herbal-)-hiasan-taman-i.251667552.3332043485?sp_atk=d7eda379-76ab-412a-a58c-94d9ed218302
11,Bibit Tanaman Herbal Sambiloto Super Ampuh,25000,1,pohon,yuna_gevanda_bibit,https://shopee.co.id/Bibit-Tanaman-Herbal-Sambiloto-Super-Ampuh-i.33350375.464627766?sp_atk=ea42bf41-18ba-4cca-8f9d-7dd5f02a2500
11,Sambiloto Sambiroto Kioray takilo tanaman Obat minim 2 pohon @,22345,1,pohon,nuridafarm,https://shopee.co.id/Sambiloto-Sambiroto-Kioray-takilo-tanaman-Obat-minim-2-pohon--i.183925659.3268734411?sp_atk=a0905717-db77-4926-9653-2d9a8e4a1707
11,Bibit pohon sambiloto/Tanaman herbal sambiloto,25000,1,pohon,voniedaf890,https://shopee.co.id/Bibit-pohon-sambiloto-Tanaman-herbal-sambiloto-i.145812264.12027075983?sp_atk=e93bef40-5a87-472e-92aa-cb05c8d87dd7
